district,very_dense_forest,mod_dense_forest,open_forest,total_forest_cover,scrub
Alluri Sitharama Raju,1183.18,3781.97,1952.17,6917.32,726.83
Anakapalli,0.0,155.02,551.29,706.31,257.93
Ananthapuramu,0.0,22.55,222.9,245.45,551.84
Annamayya,28.51,1277.28,1050.56,2356.35,568.49
Bapatla,0.0,41.28,72.58,113.86,29.03
Chittoor,0.0,457.98,788.33,1246.31,625.25
East Godavari,0.0,116.8,286.37,403.17,6.37
Eluru,366.19,488.08,835.27,1689.54,24.36
Guntur,0.0,0.06,13.28,13.34,9.62
Kakinada,0.02,184.33,359.78,544.13,113.0
Konaseema,0.0,67.32,353.68,421.0,2.37
Krishna,0.0,50.25,124.35,174.6,3.45
Kurnool,0.0,0.75,70.73,71.48,145.21
Nandyal,86.01,1506.01,506.74,2098.76,536.45
NTR,35.21,77.49,250.67,363.37,22.65
Palnadu,0.99,247.18,521.37,769.54,447.82
Prakasam,256.87,1780.29,1213.77,3250.93,1139.54
Sri Sathya Sai,0.0,187.17,568.6,755.77,550.33
Srikakulam,0.0,77.54,500.36,577.9,315.61
Tirupati,6.38,888.26,1209.39,2104.03,509.69
Visakhapatnam,0.0,99.03,173.42,272.45,4.21
Vizianagaram,0.0,43.38,370.44,413.82,90.64
West Godavari,0.0,0.33,60.63,60.96,0.02
YSR Kadapa,10.16,1471.0,866.44,2347.6,708.12
Anakapalli,0.0,229.31,611.89,841.2,268.22
Anantapur,0.0,23.17,217.97,241.14,543.04
Annamayya,28.48,1294.69,1057.85,2381.02,571.78
Bapatla,0.0,12.42,45.51,57.93,29.0
Bhimavaram,0.0,0.33,61.14,61.47,0.01
Chintapalli,71.52,1025.62,451.79,1548.93,80.04
Chintur,558.51,504.55,74.7,1137.76,10.89
Chittoor,0.0,471.07,805.36,1276.43,627.07
DD Giddalur,118.34,601.01,207.77,927.12,107.75
DD Markapur,137.84,832.15,633.1,1603.09,538.82
DDPT Atmakur,39.57,703.1,234.58,977.25,86.05
East Godavari,0.0,119.04,290.71,409.75,6.42
Eluru,366.7,485.22,826.19,1678.11,23.68
Guntur,0.0,2.3,34.63,36.93,14.34
Kadapa,10.11,1459.9,861.28,2331.29,704.99
Kakinada,552.32,1840.81,999.29,3392.42,170.0
Krishna,0.0,5.46,92.82,98.28,3.56
Kurnool,0.0,0.93,77.7,78.63,154.3
Nandyal,46.42,797.1,266.14,1109.66,442.63
NTR,34.93,77.35,250.88,363.16,22.63
Paderu,0.0,507.03,712.36,1219.39,572.09
Palnadu,0.96,221.77,431.42,654.15,357.4
Prakasam,0.0,369.13,438.76,807.89,574.3
SPSR Nellore,21.69,466.06,663.01,1150.76,674.25
Sri Sathya Sai,0.0,186.68,571.24,757.92,552.36
Srikakulam,0.0,81.16,504.06,585.22,318.41
Tirupati,1.6,816.94,1138.9,1957.44,491.56
Visakhapatnam,0.0,112.76,202.49,315.25,5.08
Vizianagaram,0.0,34.69,341.51,376.2,77.29
WLM Eluru,0.0,44.13,38.79,82.92,0.07
1,28.37,0.0,0.0,0.07,0.1
2,79.7,0.0,0.0,0.3,0.88
3,11.24,0.0,0.0,0.0,0.0
4,63.48,0.0,0.0,0.0,0.0
5,94.51,0.0,0.05,0.47,0.0
6,6.99,0.0,0.0,0.55,0.0
7,27.26,0.0,0.0,0.39,0.3
8,16.58,0.0,0.0,0.25,0.01
9,30.27,0.0,0.0,0.1,0.0
10,58.61,0.0,0.0,0.36,2.28
11,40.93,0.0,0.0,0.08,0.0
12,51.01,0.0,0.0,0.02,1.54
13,110.87,0.0,2.75,9.04,1.18
14,10.49,0.0,0.0,0.0,0.17
15,45.26,0.0,0.0,0.0,0.0
16,26.04,0.0,0.0,0.0,0.12
17,35.0,0.0,0.0,0.11,0.4
18,18.63,0.0,0.0,0.0,0.0
19,29.67,0.0,0.01,0.09,0.66
20,39.35,0.0,0.23,3.96,0.57
21,13.74,0.0,0.0,0.09,0.0
22,113.07,0.0,0.02,2.67,18.48
23,53.3,0.0,0.0,0.14,0.2
24,28.53,0.0,0.0,0.08,0.7
25,44.14,0.0,0.0,0.0,0.06
26,9.93,0.0,0.0,0.02,0.58
27,60.96,0.0,0.0,1.89,0.0
28,32.41,0.0,0.0,0.05,0.33
29,14.55,0.0,0.0,0.0,0.0
30,35.32,0.0,0.0,0.31,4.43
31,45.58,0.0,0.0,0.0,0.0
32,47.55,0.0,0.0,0.0,0.0
33,98.92,0.0,1.28,4.49,3.19
34,39.76,0.0,0.0,0.0,0.0
35,165.5,0.0,0.0,0.0,0.21
36,43.66,0.0,0.0,0.0,0.0
37,615.53,0.0,68.59,114.1,4.31
38,38.78,0.0,0.0,0.01,0.41
39,21.08,0.0,0.0,1.05,0.09
40,17.54,0.0,0.0,0.09,0.0
41,26.26,0.0,0.0,0.0,0.0
84,68.35,0.0,0.0,13.96,14.32
85,31.82,0.0,0.0,0.0,0.0
86,19.96,0.0,0.0,0.0,0.0
87,70.36,0.0,0.01,0.1,0.96
88,57.43,0.0,0.0,0.0,0.0
89,7.16,0.0,0.0,0.0,0.0
90,83.49,0.0,0.0,0.0,0.67
91,24.52,0.0,0.0,0.0,0.0
92,58.76,0.0,0.34,1.76,2.34
93,37.13,0.0,0.01,1.69,5.06
94,79.04,0.0,0.22,3.75,0.0
95,26.88,0.0,0.0,0.19,0.06
96,5.75,0.0,0.0,0.0,0.0
97,14.05,0.0,0.0,0.0,0.0
98,26.97,0.0,0.0,0.05,0.0
99,38.94,0.0,0.05,1.08,4.51
100,10.41,0.0,0.0,0.0,0.0
101,20.19,0.0,0.0,0.35,0.04
102,40.31,0.0,0.0,0.0,0.0
103,22.14,0.0,0.0,0.0,0.0
104,49.71,0.0,0.5,0.29,0.0
105,58.87,0.0,0.0,6.89,7.35
106,20.77,0.0,0.0,0.1,0.15
107,55.11,0.0,0.0,2.09,0.0
108,7.82,0.0,0.0,0.0,0.0
109,24.96,0.0,0.0,0.0,0.0
110,16.36,0.0,0.0,0.09,0.0
111,28.33,0.0,0.27,4.59,0.3
112,27.24,0.0,0.85,0.44,0.0
113,8.06,0.0,0.0,0.14,1.42
114,23.78,0.0,0.0,0.0,1.45
115,61.15,0.0,0.0,0.41,0.67
116,24.72,0.0,0.0,0.19,0.43
117,51.28,0.0,0.74,1.75,1.04
118,11.96,0.0,0.0,0.0,0.0
119,39.33,0.0,0.0,1.64,0.52
120,6.1,0.0,0.0,0.09,0.0
121,17.05,0.0,0.0,0.0,0.0
122,13.69,0.0,0.0,0.0,0.0
123,30.75,0.0,0.0,0.03,0.0
AnjawH,1221.83,2092.55,923.05,4237.43,74.65
ChanglangH,2001.01,1488.32,944.54,4433.87,16.45
Dibang ValleyH,1127.79,3405.24,1922.05,6455.08,70.68
East KamengH,1347.87,1598.42,867.95,3814.24,75.63
KamleH,415.77,536.95,364.88,1317.6,1.0
Kra DaadiH,602.37,822.66,241.14,1666.17,11.71
Kurung KumeyH,1363.71,1650.3,534.61,3548.62,52.18
Lepa RadaH,262.97,280.83,154.92,698.72,1.91
LohitH,651.54,1208.44,533.17,2393.15,18.1
LongdingH,159.63,247.26,223.19,630.08,28.75
Lower SiangH,622.49,579.06,517.16,1718.71,1.71
Lower SubansiriH,778.5,736.78,247.99,1763.27,5.82
NamsaiH,112.64,344.73,282.97,740.34,12.52
Pakke KessangH,657.15,817.57,308.63,1783.35,9.67
Papum PareH,971.56,1436.02,769.59,3177.17,5.53
Shi YomiH,939.23,863.57,428.18,2230.98,42.07
TawangH,328.64,421.98,405.36,1155.98,263.15
TirapH,421.02,257.92,161.23,840.17,21.85
Upper SiangH,1607.91,2520.93,1279.73,5408.57,127.2
Upper SubansiriH,1856.39,2508.89,1187.4,5552.68,57.18
West KamengH,1418.12,1919.89,974.47,4312.48,77.07
West SiangH,336.48,530.85,355.09,1222.42,0.71
Baksa,165.45,135.35,285.71,586.51,8.09
Barpeta,0.0,34.18,85.4,119.58,0.7
Biswanath,26.24,52.4,279.68,358.32,9.92
Bongaigaon,0.0,58.36,178.32,236.68,1.15
Cachar,191.71,960.9,1031.9,2184.51,12.0
Charaideo,8.97,84.77,266.97,360.71,4.43
Chirang,361.2,126.69,219.47,707.36,7.81
Darrang,0.0,14.43,99.48,113.91,2.28
Dhemaji,53.67,88.36,152.0,294.03,6.83
Dhubri,1.45,14.73,72.31,88.49,3.4
Dibrugarh,106.03,68.7,591.86,766.59,11.3
Dima HasaoH,295.97,1404.33,2334.61,4034.91,9.66
Goalpara,14.8,144.88,275.18,434.86,1.94
Golaghat,23.39,117.97,519.34,660.7,12.81
Hailakandi,17.25,364.08,391.85,773.18,0.88
HojaiH,24.32,230.59,193.78,448.69,2.67
Jorhat,13.36,110.27,474.9,598.53,11.75
Kamrup,50.83,446.14,485.8,982.77,5.2
Karbi AnglongH,524.86,2932.74,2167.02,5624.62,42.74
Karimganj,3.33,292.83,544.79,840.95,1.33
Kokrajhar,545.76,206.96,389.97,1142.69,5.0
Lakhimpur,40.44,116.05,269.56,426.05,2.49
Majuli,0.0,3.84,30.92,34.76,1.29
Morigaon,16.03,54.21,125.46,195.7,1.76
NagaonH,36.16,129.61,320.66,486.43,7.49
Nalbari,0.0,31.05,82.69,113.74,0.02
Sivasagar,0.0,61.65,276.55,338.2,4.22
Sonitpur,83.7,201.21,435.19,720.1,9.77
Tinsukia,405.45,341.23,832.08,1578.76,21.52
Udalguri,7.47,78.69,325.69,411.85,5.85
1,5.28,0.0,0.0,0.98,0.0
2,1.93,0.0,0.02,0.14,0.0
3,4.04,0.0,0.0,1.34,0.0
4,25.77,1.56,1.18,5.94,2.04
5,16.04,0.0,0.06,1.28,0.0
6,3.32,0.0,0.0,0.25,0.0
7,4.09,0.0,0.0,0.12,0.0
8,23.15,0.0,0.0,0.93,0.0
9,3.9,0.0,0.05,0.54,0.0
10,5.44,0.0,0.0,0.37,0.0
11,2.94,0.0,0.02,0.27,0.0
12,3.03,0.0,0.0,0.09,0.0
13,57.68,0.0,0.56,9.97,0.11
14,9.72,0.0,0.0,0.65,0.0
15,30.41,0.0,0.03,6.53,0.2
16,11.89,0.0,0.59,1.25,0.0
17,0.92,0.0,0.0,0.02,0.0
18,10.21,0.14,0.66,0.11,0.0
19,5.3,0.0,0.0,0.11,0.17
20,4.67,0.0,0.0,0.51,0.0
21,1.43,0.0,0.0,0.32,0.0
22,5.18,0.0,0.0,0.67,0.0
23,4.23,0.0,0.02,0.4,0.0
24,18.81,0.0,0.13,1.71,0.0
25,10.77,0.0,0.0,2.53,0.0
26,0.61,0.0,0.0,0.0,0.0
27,13.96,0.0,0.01,0.8,0.0
28,4.46,0.0,0.04,0.03,0.0
29,9.61,0.0,0.01,0.86,0.0
30,2.79,0.0,0.0,0.68,0.0
31,22.43,0.0,0.03,2.03,0.0
32,10.76,0.0,0.47,2.59,0.0
33,2.22,0.0,0.0,0.15,0.0
34,8.26,0.0,0.29,0.38,0.0
35,123.5,0.0,0.22,3.75,0.0
36,83.65,2.59,5.45,17.3,0.0
37,14.82,0.0,0.1,1.22,0.0
38,7.14,0.0,0.0,0.56,0.0
39,5.0,0.0,0.01,0.32,0.0
40,6.99,0.0,0.17,0.49,0.0
41,21.83,0.0,0.3,0.82,0.0
42,176.22,0.0,12.4,17.01,0.36
43,16.96,0.0,2.05,3.24,0.01
44,7.17,0.0,0.0,1.08,0.0
45,1.57,0.0,0.0,0.49,0.0
46,0.29,0.0,0.0,0.03,0.0
47,0.25,0.0,0.0,0.07,0.0
48,0.38,0.0,0.0,0.24,0.0
49,0.45,0.0,0.0,0.02,0.0
50,4.78,0.0,0.0,0.0,0.0
51,5.41,0.0,0.27,0.39,0.0
52,2.37,0.0,0.0,0.23,0.0
53,8.39,0.0,0.41,0.95,0.0
54,9.69,0.0,0.01,0.15,0.0
55,4.59,0.0,0.0,0.63,0.0
56,1.71,0.0,0.0,0.16,0.0
57,1.6,0.0,0.27,0.05,0.0
58,6.37,0.0,0.19,0.87,0.0
59,6.1,0.0,0.09,0.67,0.0
60,6.11,0.0,0.0,0.29,0.0
61,6.29,0.0,0.0,0.2,0.0
62,5.24,0.0,0.0,0.14,0.0
63,4.05,0.0,0.0,0.21,0.0
64,2.93,0.0,0.13,0.78,0.0
65,8.78,0.0,0.0,0.86,0.0
66,10.26,0.0,0.0,0.27,0.0
67,4.58,0.0,0.0,0.23,0.0
68,2.13,0.0,0.3,0.37,0.0
69,8.25,0.0,0.85,1.23,0.0
70,3.04,0.0,0.08,0.1,0.0
71,5.3,0.0,0.0,0.41,0.0
72,18.49,0.0,0.09,3.72,0.0
73,3.35,0.0,0.0,0.5,0.06
74,1.57,0.0,0.0,0.09,0.0
75,6.66,0.0,0.0,0.51,0.0
76,12.56,0.0,0.0,0.27,0.0
77,28.51,0.0,0.13,9.07,0.64
78,13.54,0.0,0.04,0.88,0.0
79.,31.57,0.0,0.0,8.34,0.03
80,7.82,0.0,0.0,0.63,0.0
81,2.78,0.0,0.02,0.12,0.0
82,14.46,0.0,0.29,0.89,0.0
83,1.93,0.0,0.0,0.0,0.0
84,2.31,0.0,0.09,0.48,0.0
85,10.57,0.0,0.3,0.62,0.0
86,5.04,0.0,0.0,1.05,0.0
87,45.62,0.0,0.33,13.93,0.0
88,8.28,0.0,0.02,0.31,0.0
89,2.99,0.0,0.13,0.52,0.0
90,9.88,0.0,0.04,1.64,0.0
91,10.58,0.0,0.13,1.2,0.0
92,14.48,0.0,0.0,0.46,0.0
93,3.4,0.0,0.2,0.13,0.0
94,8.18,0.0,0.0,1.18,0.0
95,7.41,0.0,0.05,0.04,0.0
96,10.34,0.0,0.43,1.58,0.0
97,22.25,0.0,0.22,8.97,0.12
98,10.67,0.0,0.14,1.62,0.0
99,3.28,0.0,0.0,1.04,0.0
100,3.19,0.0,0.0,0.26,0.0
101,6.92,0.0,0.18,1.17,0.03
102,140.3,0.66,2.22,12.33,0.0
103,7.38,0.0,0.37,0.74,0.0
104,11.08,0.0,0.0,0.09,0.0
105,10.42,0.0,0.4,1.0,0.0
106,35.06,0.0,0.44,3.82,0.0
107,12.71,0.0,0.0,5.56,0.15
Araria,0.0,7.87,138.77,146.64,0.4
Arwal,0.0,1.44,2.58,4.02,0.0
Aurangabad,0.0,65.56,92.22,157.78,14.01
Banka,0.09,100.62,194.81,295.52,32.45
Begusarai,0.0,28.03,51.47,79.5,0.0
Bhagalpur,0.0,64.53,38.78,103.31,0.0
Bhojpur,0.0,19.23,12.34,31.57,0.53
Buxar,0.0,3.04,2.97,6.01,0.0
Darbhanga,0.0,44.17,100.06,144.23,0.0
East Champaran,0.0,66.48,120.94,187.42,0.0
Gaya,0.0,134.25,488.24,622.49,63.08
Gopalganj,0.0,4.68,6.62,11.3,0.0
Jamui,27.78,352.66,290.4,670.84,14.79
Jehanabad,0.0,0.06,6.04,6.1,3.07
Kaimur (Bhabua),0.0,526.0,499.68,1025.68,38.5
Katihar,0.0,6.5,58.89,65.39,0.0
Khagaria,0.0,2.81,14.81,17.62,0.0
Kishanganj,0.0,12.28,82.99,95.27,0.0
Lakhisarai,16.16,126.61,26.77,169.54,4.18
Madhepura,0.0,1.38,58.63,60.01,0.0
Madhubani,0.0,42.19,189.99,232.18,0.0
Munger,39.19,240.65,26.17,306.01,9.04
Muzaffarpur,0.0,53.48,122.28,175.76,0.0
Nalanda,0.0,10.37,34.44,44.81,5.59
Nawada,0.0,199.53,306.77,506.3,21.47
Patna,0.0,19.9,8.47,28.37,0.09
Purnia,0.0,5.34,55.34,60.68,0.0
Rohtas,0.0,350.25,317.81,668.06,43.42
Saharsa,0.0,3.98,31.85,35.83,0.0
Samastipur,0.0,101.81,47.43,149.24,0.0
Saran,0.0,25.53,37.26,62.79,0.0
Sheikhpura,0.0,0.64,0.18,0.82,0.0
Sheohar,0.0,2.21,28.22,30.43,0.0
Sitamarhi,0.0,37.81,114.09,151.9,0.0
Siwan,0.0,2.51,6.9,9.41,0.0
Supaul,0.0,4.26,138.2,142.46,0.0
Vaishali,0.0,88.3,30.63,118.93,0.0
West Champaran,303.78,527.25,77.2,908.23,10.18
Tirhut,0.0,53.26,122.62,175.88,0.0
Vaishali,0.0,88.09,30.45,118.54,0.0
not fall in any,0.75,22.61,11.14,34.5,8.98
Balod,45.21,505.84,192.66,743.71,18.17
Balrampur,450.29,1514.96,1169.21,3134.46,16.24
Bastar,604.45,841.72,653.74,2099.91,43.7
Bemetara,0.0,0.0,7.51,7.51,0.4
Bijapur,2261.46,3232.24,1599.07,7092.77,4.4
Bilaspur,19.57,438.71,222.19,680.47,19.02
Dantewada,80.07,653.98,561.35,1295.4,3.81
Dhamtari,101.06,1332.73,427.28,1861.07,11.13
Durg,0.0,3.43,22.0,25.43,1.7
Gariaband,5.64,1718.81,852.7,2577.15,13.93
Janjgir - Champa,4.93,21.39,126.29,152.61,14.97
Jashpur,228.47,1314.76,583.86,2127.09,20.38
Kondagaon,326.2,1258.34,580.96,2165.5,7.35
Korba,265.48,2243.79,887.04,3396.31,88.95
Korea,88.94,2571.52,1447.58,4108.04,59.34
Mahasamund,3.75,513.31,429.85,946.91,28.5
Mungeli,374.68,585.74,78.1,1038.52,5.38
Narayanpur,952.91,1409.3,819.75,3181.96,12.72
Raigarh,309.08,1512.32,796.5,2617.9,26.75
Raipur,0.0,11.39,35.32,46.71,7.03
Rajnandgaon,41.59,1747.65,751.71,2540.95,47.14
Sukma,215.52,1689.31,1345.38,3250.21,27.09
Surajpur,182.38,1484.38,860.93,2527.69,24.62
Surguja,87.34,907.29,435.45,1430.08,24.73
Central Delhi,0.01,5.11,7.05,12.17,0.14
East Delhi,0.0,0.29,1.64,1.93,0.0
New Delhi,2.71,13.84,32.09,48.64,0.47
North Delhi,0.02,5.34,6.36,11.72,0.05
North-East Delhi,0.0,0.36,2.02,2.38,0.05
North-West Delhi,0.08,2.88,2.76,5.72,0.0
Shahdara,0.0,0.25,0.65,0.9,0.0
South Delhi,2.99,13.95,53.95,70.89,1.6
South-East Delhi,0.66,4.65,14.23,19.54,0.0
South-West Delhi,0.0,3.24,9.41,12.65,0.08
West Delhi,0.0,3.64,5.1,8.74,0.0
Ahmedabad,0.0,9.0,106.2,115.2,28.37
Amreli,0.12,68.51,212.11,280.74,66.04
Anand,0.0,8.49,47.52,56.01,1.77
Arvalli,0.86,63.13,215.55,279.54,32.57
Banaskantha,0.0,343.49,469.02,812.51,133.25
Bharuch,0.0,51.27,247.71,298.98,17.83
Bhavnagar,0.0,46.87,256.12,302.99,82.68
Botad,0.0,0.26,12.32,12.58,5.51
Chhotaudepur,0.0,121.01,332.8,453.81,8.07
Dahod,0.43,105.34,336.77,442.54,25.38
Dang,209.76,703.05,352.28,1265.09,9.0
Gandhinagar,0.0,17.38,97.37,114.75,15.05
Gir Somnath,0.01,35.47,227.35,262.83,19.85
Jamnagar,0.0,51.62,257.35,308.97,88.57
Junagadh,61.92,881.83,582.78,1526.53,71.85
Kachchh,0.04,278.38,2453.48,2731.9,958.59
Kheda,0.0,6.95,54.66,61.61,19.92
Mahesana,0.0,12.96,168.66,181.62,22.15
Mahisagar,0.03,69.65,224.15,293.83,28.45
Morbi,0.0,3.44,142.99,146.43,25.09
Narmada,19.74,417.48,416.96,854.18,23.0
Navsari,17.07,110.9,205.65,333.62,9.41
Panchmahals,0.0,119.1,273.01,392.11,21.15
Patan,0.0,11.62,100.95,112.57,41.94
Porbandar,0.0,21.56,122.29,143.85,38.74
Rajkot,0.0,1.02,59.05,60.07,21.96
Sabarkantha,27.83,251.42,280.42,559.67,77.01
Surat,4.62,277.32,213.92,495.86,13.07
Surendranagar,0.0,10.58,134.75,145.33,36.6
Tapi,77.28,431.39,208.77,717.44,5.57
Vadodara,0.0,19.7,131.32,151.02,19.38
Valsad,0.0,323.96,577.76,901.72,20.94
Ambala,0.0,17.31,39.36,56.67,0.09
Bhiwani,0.0,4.08,58.53,62.61,7.15
Charkhi Dadri,0.0,3.56,42.36,45.92,9.0
Faridabad,0.0,25.98,52.45,78.43,20.2
Fatehabad,0.0,2.96,18.35,21.31,1.07
Gurugram,0.0,31.85,81.26,113.11,20.42
Hisar,0.0,10.75,47.79,58.54,6.28
Jhajjar,0.0,0.23,25.33,25.56,6.43
Jind,0.0,4.79,21.64,26.43,0.08
Kaithal,0.0,21.51,32.81,54.32,0.95
Karnal,0.0,4.16,28.79,32.95,0.67
Kurukshetra,0.0,19.94,26.09,46.03,1.69
Mahendragarh,0.0,21.74,89.57,111.31,40.09
Mewat,0.0,13.58,95.38,108.96,27.15
Palwal,0.0,2.43,11.39,13.82,0.2
Panchkula,5.7,147.59,236.83,390.12,20.33
Panipat,0.0,3.1,12.87,15.97,0.64
Rewari,0.0,11.9,49.55,61.45,9.11
Rohtak,0.0,1.36,13.18,14.54,1.02
Sirsa,0.0,3.54,61.04,64.58,0.15
Sonipat,0.0,2.66,19.98,22.64,0.84
Yamunanagar,21.47,86.16,81.36,188.99,0.82
1,9.15,0.0,0.0,0.21,0.11
2,67.56,0.0,0.11,1.38,0.0
3,56.27,0.0,1.44,0.82,0.0
4,7.54,0.0,0.0,0.07,0.0
5,2.03,0.0,0.0,0.0,0.0
6,29.29,0.0,0.0,0.37,0.0
7,13.89,0.0,0.0,0.21,0.0
8,9.34,0.0,0.0,0.06,0.02
9,3.76,0.0,0.0,0.11,0.0
10,9.87,0.0,0.0,0.24,0.0
11,1.29,0.0,0.0,0.0,0.0
12,40.52,0.0,0.0,0.73,0.05
13,4.25,0.0,0.0,0.01,0.0
14,15.8,0.0,0.19,0.55,0.3
15,31.05,0.0,0.0,0.44,0.0
16,11.51,0.0,0.0,0.06,0.0
17,5.91,0.0,0.0,0.14,0.0
18,285.89,0.0,12.4,32.81,17.07
19,20.21,0.0,0.01,0.13,0.0
20,28.15,0.0,0.0,0.0,0.0
21,5.69,0.0,0.0,0.12,0.0
22,10.36,0.0,0.0,0.16,0.0
23,12.96,0.0,0.02,0.06,0.0
24,12.31,0.0,0.07,0.02,0.0
25,297.99,0.0,8.73,28.78,7.01
26,13.53,0.0,0.0,0.52,0.0
27,4.1,0.0,0.0,0.08,0.0
28,92.92,0.0,1.66,2.26,0.28
29,10.8,0.0,0.09,0.0,0.0
30,1.88,0.0,0.0,0.07,0.0
31,11.98,0.0,0.0,0.0,0.0
32,2.67,0.0,0.0,0.0,0.0
33,35.57,0.0,0.0,0.66,0.12
34,37.5,0.0,0.6,0.55,0.0
35,13.85,0.0,0.0,0.03,0.0
36,39.87,0.0,0.69,0.08,0.0
37,6.92,0.0,0.0,0.01,0.0
38,7.96,0.0,0.35,0.11,0.0
39,12.68,0.0,0.0,0.36,0.0
40,56.94,0.0,5.64,11.07,0.46
41,4.39,0.0,0.0,0.0,0.0
42,90.92,0.0,0.23,4.21,0.0
43,4.41,0.0,0.0,0.0,0.0
44,7.85,0.0,0.02,0.0,0.0
45,7.98,0.0,0.0,0.03,0.0
46,9.95,0.0,0.0,0.71,0.27
47,8.97,0.0,0.27,0.87,0.0
48,15.85,0.0,0.0,0.06,0.0
49,138.18,0.0,6.37,9.7,1.16
50,3.33,0.0,0.04,0.0,0.0
51,14.6,0.0,0.0,0.32,0.19
52,8.95,0.0,0.13,0.0,0.0
54,63.36,0.0,0.19,1.78,0.92
53,6.39,0.0,0.0,0.0,0.0
55,9.53,0.0,0.1,0.02,0.0
56,5.08,0.0,0.0,0.44,0.0
57,4.7,0.0,0.0,0.0,0.0
58,7.21,0.0,0.0,0.0,0.0
59,59.17,0.0,0.28,0.61,0.0
60,96.21,0.0,4.87,6.59,0.24
61,60.47,0.0,0.27,0.34,0.2
62,62.99,0.0,0.0,0.62,0.0
63,13.1,0.0,0.0,0.2,0.0
64,27.68,0.0,0.0,0.09,0.0
65,10.19,0.0,0.0,0.02,0.0
66,10.14,0.0,0.0,0.14,0.0
67,39.37,0.0,0.14,0.47,0.0
68,6.63,0.0,0.0,0.07,0.0
69,8.52,0.0,0.0,0.0,0.0
70,25.78,0.0,0.0,0.78,0.0
71,139.29,0.0,0.05,2.59,0.42
72,6.77,0.0,0.01,0.06,0.0
73,8.38,0.0,0.09,0.04,0.0
74,4.65,0.0,0.0,0.0,0.0
75,6.72,0.0,0.0,0.0,0.0
76,11.83,0.0,0.28,0.29,0.0
77,43.88,0.0,0.0,0.04,0.0
78,41.77,0.0,0.16,2.12,0.0
79,4.49,0.0,0.0,0.06,0.0
80,70.48,0.0,4.57,11.94,0.2
81,104.07,0.0,0.43,1.16,0.0
82,5.81,0.0,0.0,0.0,0.0
42,90.92,0.0,0.23,4.21,0.0
43,4.41,0.0,0.0,0.0,0.0
44,7.85,0.0,0.02,0.0,0.0
45,7.98,0.0,0.0,0.03,0.0
46,9.95,0.0,0.0,0.71,0.27
47,8.97,0.0,0.27,0.87,0.0
48,15.85,0.0,0.0,0.06,0.0
49,138.18,0.0,6.37,9.7,1.16
50,3.33,0.0,0.04,0.0,0.0
51,14.6,0.0,0.0,0.32,0.19
52,8.95,0.0,0.13,0.0,0.0
54,63.36,0.0,0.19,1.78,0.92
53,6.39,0.0,0.0,0.0,0.0
55,9.53,0.0,0.1,0.02,0.0
56,5.08,0.0,0.0,0.44,0.0
57,4.7,0.0,0.0,0.0,0.0
58,7.21,0.0,0.0,0.0,0.0
59,59.17,0.0,0.28,0.61,0.0
60,96.21,0.0,4.87,6.59,0.24
61,60.47,0.0,0.27,0.34,0.2
62,62.99,0.0,0.0,0.62,0.0
63,13.1,0.0,0.0,0.2,0.0
64,27.68,0.0,0.0,0.09,0.0
65,10.19,0.0,0.0,0.02,0.0
66,10.14,0.0,0.0,0.14,0.0
67,39.37,0.0,0.14,0.47,0.0
68,6.63,0.0,0.0,0.07,0.0
69,8.52,0.0,0.0,0.0,0.0
70,25.78,0.0,0.0,0.78,0.0
71,139.29,0.0,0.05,2.59,0.42
72,6.77,0.0,0.01,0.06,0.0
73,8.38,0.0,0.09,0.04,0.0
74,4.65,0.0,0.0,0.0,0.0
75,6.72,0.0,0.0,0.0,0.0
76,11.83,0.0,0.28,0.29,0.0
77,43.88,0.0,0.0,0.04,0.0
78,41.77,0.0,0.16,2.12,0.0
79,4.49,0.0,0.0,0.06,0.0
80,70.48,0.0,4.57,11.94,0.2
81,104.07,0.0,0.43,1.16,0.0
82,5.81,0.0,0.0,0.0,0.0
83,6.77,0.0,0.0,0.09,1.33
84,32.5,0.0,1.41,1.47,8.86
85,13.76,0.0,0.0,0.13,0.94
86,4.27,0.0,0.0,0.0,0.0
87,3.86,0.0,0.0,0.01,0.26
88,111.87,0.0,0.82,3.54,3.9
BilaspurH,22.65,165.85,185.3,373.8,3.3
ChambaH,596.72,1221.92,637.51,2456.15,21.27
HamirpurH,42.41,101.95,217.17,361.53,12.4
KangraH,229.24,1301.44,869.52,2400.2,12.81
KinnaurH,84.24,325.72,238.11,648.07,61.34
KulluH,634.95,852.2,508.21,1995.36,25.02
Lahaul & SpitiH,11.95,34.03,100.03,146.01,16.69
MandiH,412.59,730.22,647.36,1790.17,18.67
ShimlaH,778.96,1150.66,514.97,2444.59,28.29
SirmaurH,238.4,646.7,530.78,1415.88,49.6
SolanH,45.84,439.72,423.19,908.75,46.55
UnaH,19.65,309.88,310.31,639.84,12.75
Anni,70.71,161.44,100.31,332.46,2.49
Banjar,83.5,89.51,30.26,203.27,1.4
Bharmour,102.46,117.84,142.44,362.74,5.04
Bilaspur,22.05,189.43,163.18,374.66,1.91
Chamba,372.98,281.15,133.43,787.56,0.87
Chamba WL,50.53,90.21,73.35,214.09,5.98
Chopal,129.16,238.72,61.58,429.46,5.14
Churah,112.97,210.67,95.83,419.47,1.31
Dalhousie,100.5,277.91,80.54,458.95,0.22
Dehra,29.62,199.45,234.1,463.17,10.42
Dharamshala,110.46,343.63,83.08,537.17,0.85
from Majathal WL,0.0,0.35,1.78,2.13,0.21
Shikari Devi WL,22.13,37.55,0.35,60.03,0.0
From Churdhar WL,0.28,1.05,0.56,1.89,0.0
From Darlaghat,0.38,2.91,1.55,4.84,0.0
Gamgul Siyabehi,0.77,5.6,1.27,7.64,0.37
Kalatop Khajjiar WL,7.55,2.31,2.66,12.52,0.0
From Kanawar WL,2.68,7.41,0.95,11.04,0.0
From Nagru WL,2.34,0.99,0.0,3.33,0.02
Sechu-Tuan Nala,0.0,0.0,10.35,10.35,0.56
Ghnp,58.68,96.77,40.98,196.43,2.99
Hamirpur,37.38,119.89,208.83,366.1,11.72
Hamirpur WL,17.84,48.15,12.76,78.75,1.63
Hamirpur WL North,0.0,1.67,2.19,3.86,0.9
Joginder Nagar,52.53,80.76,186.7,319.99,3.23
Karsog,26.63,129.24,103.46,259.33,6.12
Kinnaur,61.21,281.09,207.12,549.42,53.6
Kotgarh,55.33,52.62,21.5,129.45,0.28
Kullu,108.61,243.88,146.91,499.4,4.04
Kullu WL,192.07,208.32,85.0,485.39,4.16
Kunihar,5.68,161.46,105.82,272.96,6.49
Lahaul,14.18,31.29,98.5,143.97,11.16
Mandi,46.3,132.0,148.43,326.73,3.25
Nachan,112.68,195.59,48.01,356.28,0.03
Nahan,21.76,182.88,175.55,380.19,1.19
Nalagarh,26.99,145.13,133.38,305.5,11.82
Nurpur,23.23,401.66,284.82,709.71,1.14
Palampur,115.22,306.42,191.4,613.04,1.32
Pangi,9.86,27.41,135.36,172.63,5.43
Paonta Sahib,77.03,143.53,52.02,272.58,0.7
Parvati,108.12,134.74,133.72,376.58,8.29
Rajgarh,23.87,196.33,160.25,380.45,19.03
Rampur,160.87,157.56,71.89,390.32,3.7
Renuka Ji,4.73,154.94,153.72,313.39,29.39
Rohru,176.0,345.01,162.58,683.59,6.85
Sarahan WL,79.96,76.93,38.65,195.54,6.31
Shimla,35.8,160.19,144.97,340.96,8.15
Shimla (Urban),0.12,7.71,2.2,10.03,0.0
Shimla WL,67.2,79.75,16.74,163.69,0.18
Solan,0.4,108.64,155.91,264.95,29.05
Spiti WL,0.0,0.0,2.42,2.42,4.18
Suket,22.66,115.45,148.54,286.65,8.52
Theog,101.11,132.92,48.29,282.32,0.47
Una,19.15,312.21,307.71,639.07,14.71
1,14.08,0.0,0.0,2.83,0.0
2,0.62,0.0,0.0,0.09,0.0
3,1.97,0.0,0.43,0.06,0.0
4,7.91,0.0,0.0,0.07,0.0
5,7.3,0.0,0.05,0.76,0.0
6,0.5,0.0,0.01,0.01,0.0
7,2.48,0.66,0.2,0.09,0.0
8,0.68,0.0,0.0,0.05,0.0
9,3.6,0.0,0.0,0.08,0.0
10,3.56,0.0,0.31,0.66,0.0
11,2.06,0.0,0.0,0.02,0.05
12,0.34,0.04,0.02,0.0,0.0
13,2.15,0.0,0.01,0.2,0.0
14,6.03,1.01,3.24,0.3,0.0
15,4.79,0.0,3.25,0.0,0.0
16,3.09,0.0,0.1,0.55,0.09
17,28.36,3.36,5.49,1.96,0.0
18,1.72,0.0,0.0,0.04,0.0
19,4.61,0.0,0.0,0.01,0.0
20,5.79,0.0,0.0,0.66,0.0
21,2.75,0.29,0.62,0.45,0.0
22,2.21,0.03,0.01,0.04,0.06
23,0.29,0.0,0.0,0.02,0.0
24,0.76,0.0,0.0,0.08,0.0
25,2.6,0.0,0.0,0.6,0.0
26,0.87,0.0,0.0,0.04,0.0
27,0.56,0.0,0.0,0.16,0.0
28,2.71,0.0,0.0,0.25,0.0
29,1.85,0.68,0.03,0.0,0.0
30,26.03,0.0,0.09,5.48,0.0
31,3.3,0.0,0.0,0.01,0.0
32,1.64,0.0,0.0,0.08,0.0
33,1.59,0.0,0.0,0.1,0.0
34,10.56,0.0,3.27,3.9,0.0
35,1.98,0.03,0.46,0.06,0.0
36,0.42,0.06,0.05,0.0,0.0
37,6.48,0.0,0.0,0.0,0.0
38,0.63,0.0,0.03,0.07,0.0
39,0.65,0.0,0.0,0.0,0.0
40,3.95,0.0,0.0,1.1,0.0
41,1.83,0.0,0.03,0.16,0.0
42,5.96,0.0,0.0,0.09,0.0
43,1.27,0.0,0.1,0.13,0.0
44,3.35,0.0,0.0,1.12,0.0
45,0.63,0.0,0.0,0.03,0.0
46,1.4,0.0,0.0,0.06,0.05
47,6.84,0.0,0.0,0.0,0.1
48,3.79,0.0,0.0,1.38,0.02
49,6.34,0.0,0.76,0.62,0.0
50,0.7,0.0,0.24,0.09,0.0
51,11.94,0.0,0.32,1.36,0.19
52,2.43,0.0,0.0,0.04,0.0
53,10.31,0.0,0.0,0.96,0.0
54,0.87,0.0,0.0,0.02,0.13
55,7.56,0.0,0.0,0.03,0.18
56,3.0,0.21,0.7,0.02,0.0
57,1.19,0.03,0.15,0.0,0.0
58,4.7,0.0,0.02,0.08,0.0
59,3.69,0.0,0.0,0.46,0.0
60,28.81,0.0,1.47,9.13,0.0
61,27.8,0.29,11.11,2.1,0.0
Bokaro,59.04,231.4,281.97,572.41,29.09
Chatra,254.32,838.17,706.9,1799.39,34.45
Deoghar,0.03,13.18,192.45,205.66,13.94
Dhanbad,0.0,43.62,177.58,221.2,14.13
Dumka,0.02,252.54,336.28,588.84,31.0
East Singhbhum,53.52,587.2,428.26,1068.98,22.79
Garhwa,129.75,419.54,906.31,1455.6,41.54
Giridih,77.2,333.39,489.61,900.2,31.07
Godda,13.52,275.09,141.87,430.48,13.56
Gumla,308.47,587.15,559.79,1455.41,7.75
Hazaribagh,233.2,467.06,941.28,1641.54,21.62
Jamtara,0.0,20.28,87.21,107.49,4.0
Khunti,77.18,358.61,515.92,951.71,4.05
Kodarma,76.98,359.87,258.89,695.74,7.83
Latehar,485.48,1291.23,606.49,2383.2,7.39
Lohardaga,170.65,219.34,113.18,503.17,5.44
Pakur,2.83,168.77,114.53,286.13,21.87
Palamu,68.02,544.14,605.76,1217.92,82.92
Ramgarh,31.18,113.29,197.09,341.56,15.2
Ranchi,63.57,349.76,727.13,1140.46,21.52
Sahibganj,18.12,262.43,311.9,592.45,57.16
Simdega,22.37,342.69,881.45,1246.51,17.57
West Singhbhum,467.43,1348.49,1561.77,3377.69,34.34
Bokaro,42.01,195.35,250.61,487.97,27.29
Chaibasa,1.8,185.7,471.67,659.17,11.13
Chatra North,58.29,375.66,291.14,725.09,11.34
Chatra South,128.95,331.85,378.57,839.37,9.55
Deoghar,0.0,13.73,190.19,203.92,12.56
Dhalbhum,36.8,490.93,379.34,907.07,18.09
Dhanbad,0.0,43.3,167.19,210.49,15.57
Dumka,0.02,253.61,329.33,582.96,34.82
Garhwa North,39.89,54.4,417.03,511.32,35.59
Garhwa South,35.26,266.75,485.72,787.73,5.15
Giridih East,76.05,275.68,351.87,703.6,16.16
Giridih West,0.07,24.64,48.43,73.14,8.58
Godda,12.16,262.91,132.79,407.86,13.39
Gumla,191.82,330.86,402.33,925.01,6.97
Hazaribag East,85.72,169.88,277.29,532.89,4.0
Hazaribag West,116.67,240.66,595.39,952.72,18.04
Hazaribag WL,135.06,340.23,247.5,722.79,3.75
Jamtara,0.0,20.11,85.27,105.38,4.63
Khunti,80.83,447.3,690.59,1218.72,16.72
Koderma,53.49,270.87,212.98,537.34,6.42
Kolhan,34.28,329.12,372.64,736.04,13.03
Latehar,160.66,745.3,377.58,1283.54,6.31
Lohardaga,225.99,345.49,147.3,718.78,4.78
Medani Nagar,65.5,521.59,571.45,1158.54,80.73
Pakur,2.84,176.82,117.88,297.54,22.06
Porahat,134.69,454.56,586.5,1175.75,14.72
PTR Buffer,303.4,329.31,190.36,823.07,0.91
PTR Core,129.27,386.28,97.49,613.04,0.0
Ramgarh,35.87,124.98,250.84,411.69,16.46
Ranchi,57.2,258.41,544.16,859.77,13.14
Ranchi WL,7.4,67.63,91.84,166.87,1.09
Sahibganj,19.72,267.67,317.45,604.84,58.4
Saraikela,11.82,178.69,330.63,521.14,18.35
Saranda,297.36,379.31,124.6,801.27,4.82
Simdega,22.03,337.17,877.95,1237.15,17.57
not fall in any,4.61,12.05,20.22,36.88,2.19
1,227.28,0.0,0.73,6.9,0.38
2,219.55,0.0,5.05,6.58,0.11
3,161.33,0.0,0.06,11.45,0.0
4,138.17,0.7,5.42,14.3,4.11
5,83.37,0.0,0.0,1.06,0.59
6,58.39,0.0,0.19,6.72,1.69
7,51.13,0.06,2.39,12.78,0.08
8,40.38,0.0,0.05,1.11,0.08
9,30.18,0.0,0.0,0.21,0.0
10,27.62,0.0,0.0,0.91,0.62
11,26.6,0.0,0.06,0.92,0.0
12,23.24,0.0,0.11,0.04,0.0
13,23.2,0.0,0.0,0.22,0.0
14,20.77,0.0,0.34,1.65,0.0
15,19.33,0.0,0.13,0.67,0.0
16,19.28,0.0,0.45,3.41,0.01
17,19.16,0.0,0.67,3.61,0.39
18,17.12,0.0,0.16,0.06,0.0
19,16.47,0.0,0.11,1.35,0.0
20,14.96,0.14,1.63,6.54,0.0
21,14.46,0.0,0.41,0.35,0.0
22,14.0,0.0,0.0,0.04,0.0
23,13.34,0.0,0.83,0.47,0.0
24,13.12,0.0,0.02,1.43,0.0
25,12.98,0.0,0.0,0.0,0.0
26,12.63,0.0,0.0,0.02,0.28
27,12.31,0.0,0.0,0.11,0.0
28,12.17,0.0,0.0,0.03,0.0
29,9.9,0.0,0.0,1.46,0.0
30,8.92,0.0,0.0,0.04,0.0
31,8.76,0.0,0.0,0.0,0.0
32,8.14,0.0,0.01,1.26,0.0
33,7.05,0.0,0.0,0.0,0.0
34,6.85,0.0,0.0,0.0,0.0
35,6.52,0.0,0.0,0.2,0.0
36,5.14,0.0,0.0,0.14,0.0
37,4.4,0.0,0.0,0.07,0.0
38,4.42,0.0,0.0,0.23,0.0
Bagalkot,0.0,19.32,244.24,263.56,390.29
Ballari,0.0,109.1,618.52,727.62,477.91
BelagaviH,35.3,724.61,394.38,1154.29,666.12
Bengaluru,0.0,25.65,258.63,284.28,24.09
Bengaluru Rural,0.0,22.92,121.0,143.92,12.25
Bidar,0.0,21.81,79.81,101.62,47.41
Chamarajanagar,93.0,1517.81,1121.0,2731.81,125.27
ChikkamagaluruH,900.78,2609.11,548.07,4057.96,76.72
Chikkballapura,0.0,19.58,258.61,278.19,181.51
Chitradurga,0.0,47.29,570.9,618.19,578.94
Dakshina KannadaH,546.31,1605.51,1149.57,3301.39,2.69
Davanagere,10.63,163.52,533.89,708.04,303.34
Dharwad,0.0,223.91,158.64,382.55,3.84
Gadag,0.0,0.58,140.59,141.17,119.04
Hassan,147.24,785.19,572.74,1505.17,71.75
Haveri,0.0,145.88,212.7,358.58,94.84
Kalaburagi,0.0,91.83,104.04,195.87,39.39
KodaguH,788.51,1871.04,574.56,3234.11,0.87
Kolar,0.0,57.63,339.55,397.18,66.88
Koppal,0.0,0.47,36.41,36.88,167.24
Mandya,0.01,109.64,432.04,541.69,105.46
Mysuru,121.21,573.1,348.75,1043.06,34.34
Raichur,0.0,1.08,47.3,48.38,189.06
Ramanagara,0.0,196.15,494.5,690.65,170.11
ShivamoggaH,495.44,2870.65,925.34,4291.43,21.27
Tumakuru,0.0,73.43,1347.47,1420.9,399.5
Udupi,232.84,1385.61,661.2,2279.65,0.0
Uttara KannadaH,1166.52,5861.39,1115.62,8143.53,3.26
Vijayapura,0.0,0.68,25.45,26.13,7.81
Yadgir,0.0,17.26,129.21,146.47,131.95
Anshi National Park,3.7,12.19,1.15,17.04,0.0
Anshi NP/Dandeli,192.65,606.64,49.16,848.45,0.46
Arabhithittu WLS,0.0,0.66,14.39,15.05,0.13
Bagalkote,0.0,19.25,246.53,265.78,434.49
Bandipur NP,63.73,450.84,311.66,826.23,5.17
Bangalore Urban,0.0,15.92,113.4,129.32,18.85
Bangalore Rural,0.0,26.77,255.31,282.08,12.25
Belgaum,34.55,721.13,339.54,1095.22,223.33
Bellary,0.0,108.78,613.39,722.17,445.94
Bhadra WLS,219.25,183.16,3.68,406.09,0.0
Bhadravathi,67.6,570.3,613.38,1251.28,73.56
Bidar,0.0,21.82,86.06,107.88,52.43
Bijapur,0.0,0.93,26.56,27.49,10.61
Bramhagiri WLS,96.38,52.46,9.41,158.25,0.04
Cauvery WLS,0.94,306.99,214.13,522.06,10.9
Chikballapur,0.0,14.57,201.16,215.73,168.62
Chikmagalur,170.01,983.17,257.46,1410.64,64.11
Chitradurga,0.0,45.49,553.65,599.14,556.75
Daroji WLS,0.0,0.03,4.98,5.01,38.59
Davanagere,0.0,23.43,295.81,319.24,266.22
Dharwad,0.0,290.95,185.21,476.16,9.61
Gadag,0.0,0.59,140.69,141.28,129.98
Gokak,0.0,0.88,54.39,55.27,467.28
Gulbarga,0.0,90.4,79.87,170.27,30.99
Haliyal,35.88,909.83,106.83,1052.54,2.02
Hassan,147.24,785.19,572.74,1505.17,73.9
Haveri,0.0,70.98,111.5,182.48,69.64
Honnavar,313.16,900.08,242.07,1455.31,1.32
Hunsur,3.87,77.52,80.93,162.32,11.71
Karwar,274.78,898.19,215.88,1388.85,0.15
Kolar,0.0,59.67,399.84,459.51,76.39
Kollegal,33.92,603.26,590.55,1227.73,69.92
Koppa,321.99,1097.11,105.91,1525.01,0.0
Koppal,0.0,0.53,37.32,37.85,189.27
Kudremukh WLS,256.54,321.36,44.85,622.75,0.03
Kundapur,117.22,1296.9,668.7,2082.82,0.08
Mandya,0.01,91.49,389.87,481.37,92.48
Mangalore,506.12,1213.6,1046.07,2765.79,2.38
Melukote WLS,0.0,0.87,26.65,27.52,11.71
Mercara,267.69,926.43,315.63,1509.75,0.73
Mookambika WLS,40.02,234.91,66.44,341.37,0.0
Muthodi WLS,3.46,5.0,0.26,8.72,0.0
Mysore,2.44,20.16,81.04,103.64,21.11
Nugu WLS,0.0,1.86,15.28,17.14,1.89
Pushpagiri WLS,84.42,18.78,5.64,108.84,0.0
Raichur,0.0,1.14,47.93,49.07,196.81
Ramanagaram,0.0,148.27,436.03,584.3,144.84
Sagar,126.91,1458.35,433.57,2018.83,10.69
Sharavathy WLS,83.41,185.76,24.13,293.3,0.52
Shettihalli WLS,115.65,302.91,63.51,482.07,0.38
Shimoga,143.22,722.45,181.97,1047.64,5.44
Sirsi,249.2,1139.68,379.04,1767.92,1.57
Someswara WLS,13.89,40.01,4.06,57.96,0.0
Talacauvery WLS,75.69,24.87,3.89,104.45,0.0
Tumkur,0.0,73.46,1357.8,1431.26,289.24
Virajpet,196.48,643.69,228.5,1068.67,0.43
Yadgir,0.0,17.99,142.99,160.98,136.31
Yellapur,97.03,1378.99,115.28,1591.3,0.0
1,68.94,0.0,0.0,0.0,0.0
2,59.92,0.0,0.0,0.2,0.03
3,14.67,0.0,0.0,0.0,0.0
4,62.88,0.0,0.0,0.02,0.0
5,8.35,0.0,0.0,0.09,0.0
6,2.37,0.0,0.0,0.07,0.0
7,16.37,0.0,0.29,1.45,3.26
8,35.13,0.0,2.33,4.02,0.01
9,6.36,0.0,0.01,0.03,0.0
10,10.24,0.0,0.18,3.56,0.0
11,6.84,0.0,0.0,0.0,0.0
12,27.06,0.0,0.0,0.0,0.57
13,6.62,0.0,0.15,0.11,0.0
14,8.34,0.0,0.01,0.36,0.0
15,8.76,0.0,0.0,0.0,0.27
16,4.28,0.0,0.0,0.0,0.0
17,8.74,0.0,0.0,0.0,0.0
18,7.41,0.0,0.0,0.02,0.16
19,49.4,0.0,0.0,0.45,0.57
20,2.27,0.0,0.0,0.0,0.09
21,11.81,0.0,0.0,0.0,0.0
22,20.08,0.0,0.29,2.72,0.0
23,16.78,0.0,0.0,0.0,0.0
24,87.72,0.0,0.0,0.38,0.0
25,8.61,0.0,0.0,0.0,0.0
26,3.34,0.0,0.0,0.34,0.0
27,5.36,0.0,0.0,0.0,0.0
28,25.94,0.0,3.2,4.35,0.0
29,23.51,0.0,0.0,0.12,0.44
30,124.4,0.0,0.0,0.0,0.0
31,20.05,0.0,0.08,0.73,0.03
32,710.69,0.0,5.49,30.55,4.67
33,38.98,0.0,0.0,0.0,0.0
34,92.1,0.0,1.48,5.7,1.01
35,20.09,0.0,0.55,5.38,0.0
36,8.88,0.03,1.47,2.71,0.0
37,5.03,0.0,0.0,0.0,0.0
38,56.19,0.0,0.34,5.52,0.0
39,7.76,0.0,0.0,0.0,0.0
40,14.5,0.0,0.0,0.0,0.0
41,5.17,0.0,0.04,0.64,0.0
42,44.14,0.0,0.04,1.33,0.14
43,48.1,0.0,0.87,1.96,0.72
44,4.57,0.0,0.0,0.0,0.01
45,7.56,0.0,0.0,0.03,0.0
46,7.1,0.0,0.01,0.04,0.0
47,34.32,0.0,0.0,0.0,0.0
48,18.04,0.0,0.0,0.03,0.19
49,107.42,2.58,48.52,23.91,0.08
50,44.23,0.0,0.0,0.04,0.0
51,33.09,0.0,0.0,1.74,0.74
52,17.3,0.0,0.0,0.0,0.0
53,14.19,0.0,0.01,0.23,0.0
54,1.81,0.0,0.0,0.01,0.0
55,10.45,0.0,0.0,0.36,0.0
56,9.01,0.0,1.6,0.55,0.0
57,5.5,0.0,0.0,0.17,0.06
58,29.2,0.0,0.84,1.41,0.73
59,11.18,0.0,0.0,0.04,0.0
60,9.34,0.0,0.0,1.54,0.0
61,22.31,0.0,0.0,0.13,0.13
62,32.08,0.0,0.0,0.0,0.0
63,31.09,0.0,0.0,0.0,0.0
64,13.56,0.0,0.0,0.0,0.15
65,20.74,0.0,0.0,0.2,0.43
66,33.75,0.0,0.0,0.86,0.01
67,73.63,0.0,0.0,0.34,0.0
68,8.46,0.0,1.34,1.55,0.09
69,76.02,0.0,0.13,1.99,0.0
70,29.56,0.0,0.0,0.0,2.29
71,16.51,0.0,0.13,0.91,0.0
72,34.46,0.0,0.0,0.0,0.0
73,11.04,0.0,0.13,0.0,0.0
74,27.09,0.0,0.0,0.02,0.0
75,53.26,0.0,0.13,0.06,0.0
76,18.89,0.0,0.0,0.45,0.16
77,18.74,0.0,0.0,0.0,0.0
78,24.69,0.0,0.0,0.0,0.0
79,20.71,0.0,0.11,0.03,0.43
80,33.63,0.0,0.0,0.17,0.0
81,7.14,0.0,0.09,1.68,0.0
83,5.92,0.0,0.0,0.01,0.22
84,11.88,0.0,0.0,0.21,0.0
85,5.0,0.0,0.0,0.0,0.0
86,21.52,0.0,0.0,0.0,0.0
87,16.08,0.0,0.03,0.27,0.0
88,2.43,0.0,0.0,0.0,0.0
89,18.99,0.0,0.33,2.24,0.0
90,1.79,0.0,0.0,0.0,0.0
91,27.1,0.0,0.0,0.0,0.5
92,31.77,0.0,0.0,0.84,0.0
93,48.81,0.0,0.0,0.0,0.0
94,14.34,0.0,0.05,0.19,0.02
95,13.56,0.0,0.0,0.19,0.11
96,5.88,0.0,0.0,0.34,0.11
97,20.4,0.0,0.0,0.0,0.0
98,9.07,0.0,0.0,0.07,0.0
99,13.17,0.0,0.0,0.03,0.0
100,30.26,0.0,0.0,4.97,0.0
101,3.29,0.0,0.0,0.03,0.0
102,21.63,0.0,0.0,9.07,0.0
103,8.27,0.0,0.0,0.64,0.0
104,1.99,0.0,0.0,0.0,0.0
105,7.69,0.0,0.08,2.37,0.0
106,29.67,0.01,0.0,1.25,0.0
107,19.74,0.0,0.0,0.1,0.0
108,7.19,0.0,0.0,0.46,1.47
109,1.39,0.0,0.07,0.32,0.0
110,12.22,0.0,0.0,0.31,0.0
111,43.94,0.0,0.06,0.96,1.17
112,210.56,0.0,2.18,5.24,0.11
113,7.88,0.0,0.0,0.0,0.0
114,11.93,0.0,0.0,1.3,0.0
115,19.28,0.0,0.0,0.23,0.0
116,6.4,0.0,0.0,0.11,0.0
117,46.48,0.0,0.0,0.0,0.51
118,0.04,0.0,0.01,0.0,0.0
119,10.12,0.0,0.0,0.0,0.0
120,13.34,0.0,0.01,0.11,0.08
121,76.8,0.0,0.15,0.31,0.0
122,6.65,0.0,0.0,0.01,0.0
123,10.39,0.0,0.49,2.37,0.0
124,12.2,0.0,0.0,0.13,0.71
125,33.9,0.0,0.0,0.22,0.0
126,11.37,0.0,0.0,0.0,0.0
127,59.51,0.0,0.0,0.11,0.0
128,22.85,0.13,4.42,13.54,0.0
129,0.05,0.0,0.0,0.0,0.0
130,4.75,0.0,0.0,0.35,0.0
131,81.69,0.0,0.0,0.0,0.0
132,54.99,0.0,0.0,0.5,0.0
133,10.76,0.0,0.0,0.0,0.0
134,42.52,0.0,0.0,0.03,0.33
135,27.44,0.0,0.0,0.0,0.0
136,26.83,0.0,0.0,0.0,0.0
137,49.25,0.0,0.0,1.03,7.39
138,17.9,0.0,0.53,1.63,4.76
139,22.54,0.0,0.0,0.0,0.0
140,40.01,0.0,0.0,0.29,0.0
141,13.35,0.0,0.23,1.24,0.25
142,33.78,0.0,0.0,0.0,0.0
143,30.23,0.0,0.0,0.08,0.0
144,65.92,17.22,34.36,5.07,0.0
145,22.77,0.0,3.94,4.29,0.0
146,27.79,0.0,2.55,9.9,0.0
147,16.67,0.0,1.38,2.11,0.0
148,61.03,0.0,0.0,0.51,2.43
149,72.61,0.0,0.0,0.0,0.06
150,4.81,0.0,0.0,0.0,0.01
151,3.8,0.0,0.02,0.11,0.0
152,27.7,0.0,9.67,2.4,0.0
153,18.26,0.0,0.0,0.1,0.0
154,6.24,0.0,0.0,0.0,0.0
155,28.09,0.0,0.02,0.9,2.13
156,15.61,0.0,0.01,1.15,2.55
157,0.77,0.0,0.43,0.02,0.0
158,31.77,0.0,0.0,0.28,0.57
159,1.22,0.0,0.0,0.0,0.0
160,10.1,0.0,0.78,1.63,0.0
161,22.26,0.0,0.0,0.45,0.0
162,7.17,0.0,0.28,0.53,0.0
163,4.64,0.0,0.0,0.0,0.0
164,31.99,0.0,0.11,0.45,0.0
165,72.81,0.0,0.0,0.86,0.07
166,88.6,12.03,24.36,12.6,0.03
167,36.8,0.0,0.0,0.06,0.0
168,16.71,0.0,2.33,4.1,0.0
169,15.4,0.0,0.0,0.0,0.0
170,9.9,0.0,0.37,1.88,0.0
171,9.87,0.0,0.36,0.84,0.0
172,21.01,0.0,0.12,0.25,0.04
173,44.51,0.0,0.0,0.02,0.0
174,3.74,0.0,0.01,0.0,0.0
175,16.15,0.0,0.0,0.12,0.0
176,7.39,0.0,0.0,0.0,0.0
177,77.45,0.0,0.0,0.13,0.0
178,25.47,0.0,0.0,0.53,0.05
179,25.58,0.0,0.29,0.46,0.0
180,6.77,0.0,0.0,0.0,0.0
181,8.9,0.0,0.14,0.1,0.17
182,9.25,0.01,1.55,2.08,0.0
183,5.52,0.0,0.04,0.13,0.0
184,9.46,0.0,0.0,0.0,0.0
185,7.81,0.0,0.0,0.09,0.0
186,5.02,0.0,0.0,0.55,0.0
187,10.09,0.0,0.0,0.06,0.0
188,3.05,0.0,0.0,0.0,0.0
189,17.01,0.0,0.0,0.11,0.0
190,135.02,0.0,6.94,10.69,0.0
191,51.07,0.0,0.0,0.01,0.0
192,3.19,0.0,0.0,0.0,0.0
193,14.59,0.0,0.04,0.1,0.41
194,5.94,0.0,0.0,0.0,0.01
195,40.66,0.0,9.25,3.27,0.0
196,12.81,0.0,0.0,0.0,0.0
197,10.33,0.0,0.0,0.05,0.0
198,54.6,0.0,0.0,0.21,0.0
199,8.02,0.0,0.0,0.0,0.0
200,1.53,0.0,0.24,0.1,0.0
201,51.7,0.0,0.0,0.0,0.0
202,9.2,0.0,0.0,0.0,0.0
203,9.78,0.0,0.0,0.04,0.0
204,10.32,0.09,1.57,0.75,0.0
205,4.02,0.0,0.0,0.0,0.0
206,12.02,0.0,0.35,2.68,0.0
207,42.2,0.0,0.0,0.01,0.0
208,86.32,0.0,0.23,1.33,0.0
209,10.4,0.0,0.07,1.7,0.0
210,31.17,0.0,0.0,0.0,0.0
211,1.9,0.0,0.0,0.0,0.0
212,14.76,0.0,0.0,0.1,0.0
213,19.47,0.0,0.0,0.17,0.66
214,1.37,0.0,0.48,0.21,0.0
215,7.31,0.0,0.0,0.19,0.0
216,36.01,0.0,0.0,0.36,0.0
217,40.38,0.0,0.0,0.38,0.0
218,24.4,0.0,0.34,0.01,0.0
219,2.61,0.0,0.0,0.0,0.04
220,19.85,0.0,0.0,0.03,0.0
221,6.47,0.0,0.0,0.0,0.0
222,4.83,0.0,0.0,0.0,0.0
223,5.21,0.0,0.0,0.0,0.02
224,11.58,0.0,0.28,0.28,0.0
225,34.53,0.0,5.97,9.6,0.0
226,16.11,0.0,0.0,0.0,0.59
227,5.92,0.0,0.0,0.0,0.05
228,141.76,0.0,0.0,1.52,2.72
229,12.2,0.0,0.0,0.63,0.02
230,4.31,0.0,0.0,0.0,0.0
231,0.14,0.0,0.0,0.0,0.0
232,52.91,0.0,0.0,1.86,0.45
233,16.54,0.0,0.0,0.03,0.0
234,45.33,0.0,2.04,6.13,0.0
235,68.68,0.0,0.0,0.1,0.0
236,39.52,0.0,0.0,0.0,0.0
237,18.55,0.0,1.07,2.98,0.0
238,4.73,0.0,0.86,0.16,0.0
239,14.88,0.0,1.42,2.68,0.0
240,17.48,0.0,0.3,2.05,0.0
241,17.65,0.0,0.0,0.0,0.0
242,2.82,0.0,0.0,0.0,0.0
243,14.09,0.0,0.0,0.38,0.28
244,8.74,0.0,0.0,0.14,0.0
245,70.45,0.0,0.0,0.51,0.71
246,25.99,0.0,0.0,0.01,0.0
247,18.89,0.0,0.0,0.02,1.24
248,55.73,0.0,0.0,0.02,0.0
249,3.6,0.0,0.0,0.0,0.0
250,3.7,0.0,0.0,0.0,0.0
251,18.92,0.0,0.19,0.89,0.0
252,3.39,0.0,0.0,0.09,0.0
253,13.46,0.0,0.0,0.72,0.0
254,0.0,0.0,0.0,0.0,0.0
255,76.93,0.0,0.14,9.06,0.0
256,18.82,0.0,0.0,0.0,0.27
257,0.5,0.0,0.13,0.06,0.0
258,18.49,0.0,4.12,4.73,0.34
259,19.3,0.0,0.0,0.0,0.0
260,30.27,0.0,0.0,0.03,0.0
261,16.1,0.0,0.0,0.26,0.0
262,29.41,0.0,0.0,0.0,0.0
263,10.16,0.0,0.79,0.83,0.0
264,29.88,0.0,0.0,0.0,0.0
265,8.37,0.0,0.38,1.32,0.0
266,0.88,0.0,0.11,0.03,0.0
267,46.65,0.0,8.99,3.46,0.0
268,15.21,0.0,0.02,1.48,0.0
269,0.26,0.0,0.0,0.0,0.0
270,12.04,0.0,0.0,0.0,0.0
271,16.69,0.32,1.0,9.3,0.01
272,13.55,0.0,0.0,0.0,0.0
273,14.89,0.0,1.05,1.51,0.0
274,63.23,0.0,0.0,0.59,7.73
275,43.39,0.0,0.0,0.0,0.0
276,6.53,0.0,0.0,0.0,0.0
277,4.76,0.0,0.93,0.06,0.0
278,12.41,0.0,0.0,1.42,0.0
279,64.03,0.0,4.6,4.15,0.0
280,3.35,0.0,0.0,0.63,0.0
281,49.17,0.0,0.0,0.05,0.0
282,64.84,0.0,5.59,10.13,0.0
283,26.13,0.0,0.0,0.0,0.0
284,10.22,0.0,1.21,0.89,0.0
285,15.08,0.0,0.0,1.59,0.0
286,91.19,0.0,0.03,0.19,0.59
287,9.03,0.37,1.68,1.44,0.0
288,20.65,0.06,3.72,8.91,0.0
289,20.16,0.0,0.0,1.01,0.0
290,45.26,0.0,0.0,1.03,0.36
291,4.41,0.0,0.0,0.0,0.0
292,2.56,0.0,0.0,0.26,0.0
Alappuzha,0.0,20.01,120.91,140.92,0.0
ErnakulamH,190.46,631.53,647.02,1469.01,0.54
IdukkiH,399.27,1808.42,1003.23,3210.92,0.03
KannurH,57.64,493.12,1281.33,1832.09,0.1
KasaragodH,0.38,241.29,896.36,1138.03,0.08
KollamH,10.35,484.39,701.84,1196.58,0.0
Kottayam,73.71,406.62,863.44,1343.77,0.85
KozhikodeH,142.16,415.56,1324.34,1882.06,6.75
MalappuramH,406.21,617.79,1140.83,2164.83,12.01
PalakkadH,164.07,1189.59,693.17,2046.83,0.68
Pathanamthitta,104.97,635.14,616.37,1356.48,0.15
ThiruvananthapuramH,63.49,700.46,630.52,1394.47,0.08
Thrissur,244.63,469.92,575.48,1290.03,0.0
WayanadH,183.83,1207.98,201.53,1593.34,0.61
