LGD_Code,DistrictName,StateName,Population,AvgAQI_2020,TotalForestCover_sqkm,EstimatedVehicles_2020
554,Alappuzha,Kerala,2127789.0,68.37955690690075,140.92,0
121,Ambedkar Nagar,Uttar Pradesh,2397888.0,176.91877743485404,1064.245,0
27,Amritsar,Punjab,2490656.0,105.3126843657817,0.0,0
672,Arvalli,Gujarat,0.0,94.02278918344297,279.54,0
611,Arwal,Bihar,700843.0,136.49294511749233,4.02,796
189,Aurangabad,Bihar,2540073.0,136.49294511749233,157.78,2885
125,Bahraich,Uttar Pradesh,3487731.0,176.91877743485404,1064.245,0
646,Balod,Chhattisgarh,0.0,0.0,743.71,0
127,Balrampur,Uttar Pradesh,2148665.0,176.91877743485404,3134.46,0
649,Balrampur-Ramanujganj,Chhattisgarh,0.0,0.0,1806.0841666666665,0
623,Bandipora,Jammu And Kashmir,0.0,0.0,0.0,0
470,Beed,Maharashtra,0.0,82.93717175924563,0.0,0
650,Bemetara,Chhattisgarh,0.0,0.0,7.51,0
525,Bengaluru Urban,Karnataka,0.0,80.24130345007826,492.65645161290325,9638362
179,Bhadohi,Uttar Pradesh,0.0,176.91877743485404,1064.245,0
471,Bhandara,Maharashtra,1200334.0,82.93717175924563,0.0,0
395,Bhind,Madhya Pradesh,1703005.0,104.69551867232879,1199.6399999999999,0
636,Bijapur,Chhattisgarh,255230.0,0.0,7092.77,0
636,Bijapur,Chhattisgarh,255230.0,0.0,27.49,0
676,Botad,Gujarat,0.0,94.02278918344297,12.58,0
47,Chamoli,Uttarakhand,391605.0,0.0,0.0,10922
135,Chandauli,Uttar Pradesh,1952756.0,176.91877743485404,1064.245,0
253,Chandel,Manipur,144182.0,0.0,0.0,823
473,Chandrapur,Maharashtra,2204307.0,76.62983425414365,0.0,0
398,Chhatarpur,Madhya Pradesh,1762375.0,104.69551867232879,1199.6399999999999,0
668,Chhotaudepur,Gujarat,0.0,94.02278918344297,453.81,0
445,Dahod,Gujarat,0.0,94.02278918344297,442.54,0
310,Dakshin Dinajpur,West Bengal,1676276.0,114.94672131147541,0.0,0
400,Damoh,Madhya Pradesh,1264219.0,80.89877300613497,1199.6399999999999,0
444,Dangs,Gujarat,0.0,94.02278918344297,420.94714285714286,0
309,Darjeeling,West Bengal,0.0,114.94672131147541,0.0,0
535,Davangere,Karnataka,0.0,80.24130345007826,492.65645161290325,0
269,Dhalai,Tripura,378230.0,0.0,0.0,6529
352,Dhenkanal,Odisha,1192811.0,0.0,0.0,0
404,Dindori,Madhya Pradesh,704524.0,104.69551867232879,1199.6399999999999,0
769,Dudu,Rajasthan,0.0,98.03336891444788,0.0,0
657,East Jaintia Hills,Meghalaya,0.0,0.0,0.0,0
748,Eluru,Andhra Pradesh,0.0,75.48819579995961,1689.54,0
748,Eluru,Andhra Pradesh,0.0,75.48819579995961,1678.11,0
573,Erode,Tamil Nadu,2251744.0,62.350014380212826,0.0,0
651,Fazilka,Punjab,0.0,100.19330908287189,0.0,0
31,Ferozepur,Punjab,0.0,100.19330908287189,0.0,0
446,Gandhinagar,Gujarat,1391753.0,70.11494252873563,114.75,0
328,Garhwa,Jharkhand,1322784.0,0.0,1455.6,0
645,Gariyaband,Chhattisgarh,0.0,0.0,1806.0841666666665,0
196,Gaya,Bihar,4391418.0,109.3092485549133,622.49,4988
654,Gomati,Tripura,0.0,0.0,0.0,0
331,Gumla,Jharkhand,1025213.0,0.0,1455.41,0
331,Gumla,Jharkhand,1025213.0,0.0,925.01,0
17,Hamirpur,Himachal Pradesh,454768.0,0.0,366.1,0
17,Hamirpur,Himachal Pradesh,454768.0,0.0,366.1,0
686,Hanumakonda,Telangana,0.0,77.99180327868852,0.0,0
408,Harda,Madhya Pradesh,570465.0,104.69551867232879,1199.6399999999999,0
50,Haridwar,Uttarakhand,0.0,0.0,0.0,0
539,Hassan,Karnataka,1776421.0,80.24130345007826,1505.17,0
539,Hassan,Karnataka,1776421.0,80.24130345007826,1505.17,0
355,Jagatsinghapur,Odisha,1136971.0,0.0,0.0,0
102,Jaipur,Rajasthan,6626178.0,104.00273224043715,0.0,3168343
104,Jalore,Rajasthan,0.0,98.03336891444788,0.0,0
314,Jalpaiguri,West Bengal,3872846.0,114.94672131147541,0.0,0
687,Jayashankar Bhupalapally,Telangana,0.0,77.99180327868852,0.0,0
105,Jhalawar,Rajasthan,1411129.0,98.03336891444788,0.0,0
153,Jhansi,Uttar Pradesh,1998603.0,176.91877743485404,1064.245,0
357,Jharsuguda,Odisha,579505.0,0.0,0.0,0
382,Kabeerdham,Chhattisgarh,822526.0,0.0,1806.0841666666665,0
702,Kalimpong,West Bengal,0.0,114.94672131147541,0.0,0
156,Kanpur Dehat,Uttar Pradesh,1796184.0,176.91877743485404,1064.245,0
108,Karauli,Rajasthan,1458248.0,98.03336891444788,0.0,0
508,Karimnagar,Telangana,0.0,77.99180327868852,0.0,0
201,Katihar,Bihar,3071029.0,136.49294511749233,65.39,3488
360,Kendrapara,Odisha,1440361.0,0.0,0.0,0
414,Khargone (West Nimar),Madhya Pradesh,1873046.0,104.69551867232879,1199.6399999999999,0
450,Kheda,Gujarat,2299885.0,94.02278918344297,61.61,0
159,Kheri,Uttar Pradesh,4021243.0,176.91877743485404,1064.245,0
652,Khowai,Tripura,0.0,0.0,0.0,0
606,Khunti,Jharkhand,531885.0,0.0,951.71,0
606,Khunti,Jharkhand,531885.0,0.0,1218.72,0
620,Kishtwar,Jammu And Kashmir,0.0,0.0,0.0,0
263,Kolasib,Mizoram,83955.0,29.257894736842104,0.0,2756
315,Kolkata,West Bengal,4496694.0,111.21584699453553,0.0,1024077
559,Kollam,Kerala,2635375.0,86.0,1032.8000000000002,0
109,Kota,Rajasthan,1951014.0,89.23249299719888,0.0,898740
160,Kushinagar,Uttar Pradesh,3564544.0,176.91877743485404,1064.245,0
553,Lakshadweep District,Lakshadweep,0.0,0.0,0.0,0
161,Lalitpur,Uttar Pradesh,1221592.0,176.91877743485404,1064.245,0
335,Latehar,Jharkhand,726978.0,0.0,2383.2,0
335,Latehar,Jharkhand,726978.0,0.0,1283.54,0
234,Lohit,Arunachal Pradesh,145726.0,0.0,0.0,0
615,Longleng,Nagaland,50484.0,64.76146788990826,0.0,4657
206,Madhubani,Bihar,4487379.0,136.49294511749233,232.18,5097
578,Madurai,Tamil Nadu,3038252.0,62.350014380212826,0.0,1220409
69,Mahendragarh,Haryana,922088.0,143.9151305092466,111.31,0
669,Mahisagar,Gujarat,0.0,94.02278918344297,293.83,0
784,Maihar,Madhya Pradesh,0.0,49.443768996960486,1199.6399999999999,0
166,Mainpuri,Uttar Pradesh,1868529.0,176.91877743485404,1064.245,0
706,Majuli,Assam,0.0,0.0,34.76,0
562,Malappuram,Kerala,4112920.0,68.37955690690075,1032.8000000000002,476784
316,Malda,West Bengal,0.0,114.94672131147541,0.0,0
364,Malkangiri,Odisha,613192.0,0.0,0.0,0
684,Mancherial,Telangana,0.0,77.99180327868852,0.0,0
168,Mau,Uttar Pradesh,2205968.0,176.91877743485404,1064.245,0
247,Mon,Nagaland,250260.0,64.76146788990826,0.0,23090
720,Mulugu,Telangana,0.0,77.99180327868852,0.0,0
207,Munger,Bihar,1367765.0,136.49294511749233,306.01,1553
545,Mysuru,Karnataka,0.0,45.12075471698113,1043.06,0
579,Nagapattinam,Tamil Nadu,1616450.0,62.350014380212826,0.0,0
484,Nagpur,Maharashtra,4653570.0,73.112,0.0,1781502
51,Nainital,Uttarakhand,954605.0,0.0,0.0,26625
409,Narmadapuram,Madhya Pradesh,0.0,104.69551867232879,1199.6399999999999,0
487,Nashik,Maharashtra,6107187.0,73.14242424242424,0.0,839490
453,Navsari,Gujarat,1329672.0,94.02278918344297,333.62,0
714,Noney,Manipur,0.0,0.0,0.0,0
81,North East,Delhi,0.0,0.0,24.77,0
270,North Tripura,Tripura,693947.0,0.0,0.0,11980
749,Ntr,Andhra Pradesh,0.0,75.48819579995961,363.37,0
749,Ntr,Andhra Pradesh,0.0,75.48819579995961,363.16,0
563,Palakkad,Kerala,2809934.0,68.37955690690075,1032.8000000000002,0
338,Palamu,Jharkhand,1939869.0,0.0,1217.92,0
665,Palghar,Maharashtra,0.0,82.93717175924563,0.0,236608
70,Panchkula,Haryana,561293.0,89.5828402366864,390.12,0
71,Panipat,Haryana,1205437.0,177.11044776119402,15.97,0
743,Parvathipuram Manyam,Andhra Pradesh,0.0,75.48819579995961,1032.3653658536587,0
662,Pathankot,Punjab,0.0,100.19330908287189,0.0,0
53,Pithoragarh,Uttarakhand,483439.0,0.0,0.0,13484
213,Purbi Champaran,Bihar,0.0,136.49294511749233,177.17135135135132,0
369,Puri,Odisha,1698730.0,0.0,0.0,0
421,Raisen,Madhya Pradesh,1331597.0,104.69551867232879,1199.6399999999999,0
518,Ranga Reddy,Telangana,0.0,77.99180327868852,0.0,0
627,Reasi,Jammu And Kashmir,0.0,0.0,0.0,0
425,Sagar,Madhya Pradesh,2378458.0,72.25,2018.83,0
217,Samastipur,Bihar,4261566.0,136.49294511749233,149.24,4840
43,Sangrur,Punjab,1655169.0,100.19330908287189,0.0,0
608,S.A.S Nagar,Punjab,0.0,100.19330908287189,0.0,0
40,Shahid Bhagat Singh Nagar,Punjab,612310.0,100.19330908287189,0.0,0
182,Siddharthnagar,Uttar Pradesh,2559297.0,176.91877743485404,1064.245,0
114,Sikar,Rajasthan,2677333.0,98.03336891444788,0.0,0
495,Sindhudurg,Maharashtra,849651.0,82.93717175924563,0.0,0
115,Sirohi,Rajasthan,1036346.0,98.03336891444788,0.0,0
74,Sirsa,Haryana,1295189.0,114.41867469879519,64.58,0
585,Sivaganga,Tamil Nadu,1339101.0,62.350014380212826,0.0,0
184,Sonbhadra,Uttar Pradesh,1862559.0,176.91877743485404,1064.245,0
372,Sonepur,Odisha,0.0,0.0,0.0,0
304,South 24 Parganas,West Bengal,0.0,114.94672131147541,0.0,0
552,South Goa,Goa,640537.0,0.0,0.0,34718
696,Suryapet,Telangana,0.0,77.99180327868852,0.0,0
716,Tengnoupal,Manipur,0.0,0.0,0.0,0
588,Theni,Tamil Nadu,1245899.0,62.350014380212826,0.0,0
590,Thiruvarur,Tamil Nadu,1264277.0,62.350014380212826,0.0,0
434,Tikamgarh,Madhya Pradesh,1445166.0,104.69551867232879,1199.6399999999999,0
655,Unakoti,Tripura,0.0,0.0,0.0,0
241,Upper Subansiri,Arunachal Pradesh,83448.0,0.0,0.0,0
187,Varanasi,Uttar Pradesh,3676841.0,154.24778761061947,1064.245,0
597,Virudhunagar,Tamil Nadu,1942288.0,62.350014380212826,0.0,0
498,Wardha,Maharashtra,1300774.0,82.93717175924563,0.0,0
279,West Khasi Hills,Meghalaya,383461.0,0.0,0.0,15335
272,West Tripura,Tripura,1725739.0,0.0,0.0,29793
504,Y.S.R.,Andhra Pradesh,2882469.0,75.48819579995961,1032.3653658536587,56484
667,Agar-Malwa,Madhya Pradesh,0.0,104.69551867232879,1199.6399999999999,0
118,Agra,Uttar Pradesh,4418797.0,163.2155172413793,1064.245,1226054
86,Ajmer,Rajasthan,2583052.0,89.8,0.0,0
664,Alipurduar,West Bengal,0.0,114.94672131147541,0.0,0
45,Almora,Uttarakhand,622506.0,0.0,0.0,17362
58,Ambala,Haryana,1128350.0,128.976401179941,56.67,0
468,Amravati,Maharashtra,2888445.0,82.93717175924563,0.0,0
439,Amreli,Gujarat,1514190.0,94.02278918344297,280.74,0
1,Anantnag,Jammu And Kashmir,0.0,0.0,0.0,0
753,Annamayya,Andhra Pradesh,0.0,75.48819579995961,2356.35,0
753,Annamayya,Andhra Pradesh,0.0,75.48819579995961,2381.02,0
616,Baksa,Assam,950075.0,0.0,586.51,22693
346,Baleshwar,Odisha,2320529.0,0.0,0.0,0
126,Ballia,Uttar Pradesh,3239774.0,176.91877743485404,1064.245,0
644,Balodabazar-Bhatapara,Chhattisgarh,0.0,0.0,1806.0841666666665,0
128,Banda,Uttar Pradesh,1799410.0,176.91877743485404,1064.245,0
190,Banka,Bihar,2034763.0,136.49294511749233,295.52,2311
305,Bankura,West Bengal,3596674.0,114.94672131147541,0.0,0
3,Baramulla,Jammu And Kashmir,0.0,0.0,0.0,0
130,Bareilly,Uttar Pradesh,4448359.0,176.91877743485404,1064.245,0
393,Barwani,Madhya Pradesh,1385881.0,104.69551867232879,1199.6399999999999,0
28,Bathinda,Punjab,1388525.0,103.65259740259741,0.0,0
191,Begusarai,Bihar,2970541.0,136.49294511749233,79.5,3374
527,Belagavi,Karnataka,0.0,80.24130345007826,492.65645161290325,0
192,Bhagalpur,Bihar,3037766.0,136.49294511749233,103.31,3450
375,Bilaspur,Chhattisgarh,2663629.0,0.0,680.47,0
375,Bilaspur,Chhattisgarh,2663629.0,0.0,680.47,0
375,Bilaspur,Chhattisgarh,2663629.0,0.0,374.66,0
375,Bilaspur,Chhattisgarh,2663629.0,0.0,374.66,0
252,Bishnupur,Manipur,237399.0,0.0,0.0,1356
705,Biswanath,Assam,0.0,0.0,358.32,0
133,Budaun,Uttar Pradesh,3681896.0,176.91877743485404,1064.245,0
134,Bulandshahr,Uttar Pradesh,3499171.0,202.98290598290598,1064.245,0
94,Bundi,Rajasthan,1110906.0,98.03336891444788,0.0,0
282,Cachar,Assam,1736617.0,0.0,2184.51,41480
531,Chamarajanagara,Karnataka,0.0,80.24130345007826,492.65645161290325,0
48,Champawat,Uttarakhand,259648.0,0.0,0.0,7242
708,Charaideo,Assam,0.0,0.0,360.71,0
568,Chennai,Tamil Nadu,4646732.0,68.52459016393442,0.0,6351729
612,Chirang,Assam,482162.0,0.0,707.36,11516
569,Coimbatore,Tamil Nadu,3458045.0,56.175438596491226,0.0,2377904
401,Datia,Madhya Pradesh,786754.0,104.69551867232879,1199.6399999999999,0
325,Dhanbad,Jharkhand,2684487.0,0.0,221.2,0
325,Dhanbad,Jharkhand,2684487.0,0.0,210.49,0
571,Dharmapuri,Tamil Nadu,1506843.0,62.350014380212826,0.0,0
536,Dharwad,Karnataka,1847023.0,80.24130345007826,382.55,0
536,Dharwad,Karnataka,1847023.0,80.24130345007826,476.16,0
98,Dholpur,Rajasthan,0.0,98.03336891444788,0.0,0
286,Dibrugarh,Assam,1326335.0,0.0,766.59,31680
378,Durg,Chhattisgarh,3343872.0,0.0,25.43,1002690
273,East Garo Hills,Meghalaya,317917.0,0.0,0.0,12714
29,Faridkot,Punjab,617508.0,100.19330908287189,0.0,0
30,Fatehgarh Sahib,Punjab,600163.0,100.19330908287189,0.0,0
354,Ganjam,Odisha,3529031.0,0.0,0.0,0
144,Gautam Buddha Nagar,Uttar Pradesh,1648115.0,176.91877743485404,1064.245,0
146,Ghazipur,Uttar Pradesh,3620268.0,176.91877743485404,1064.245,0
330,Godda,Jharkhand,1313551.0,0.0,430.48,0
330,Godda,Jharkhand,1313551.0,0.0,407.86,0
62,Gurugram,Haryana,0.0,166.9808743169399,113.11,0
661,Hapur,Uttar Pradesh,0.0,128.09470752089138,1064.245,0
163,Hathras,Uttar Pradesh,0.0,176.91877743485404,1064.245,0
540,Haveri,Karnataka,1597668.0,80.24130345007826,358.58,0
540,Haveri,Karnataka,1597668.0,80.24130345007826,182.48,0
63,Hisar,Haryana,1743931.0,162.14285714285714,58.54,0
726,Hnahthial,Mizoram,0.0,29.257894736842104,0.0,0
507,Hyderabad,Telangana,0.0,77.99180327868852,0.0,3242809
151,Jalaun,Uttar Pradesh,1689974.0,176.91877743485404,1064.245,0
479,Jalna,Maharashtra,1959046.0,82.93717175924563,0.0,0
447,Jamnagar,Gujarat,2160119.0,94.02278918344297,308.97,0
380,Jashpur,Chhattisgarh,851669.0,0.0,2127.09,0
412,Jhabua,Madhya Pradesh,1025048.0,104.69551867232879,1199.6399999999999,0
65,Jind,Haryana,1334152.0,165.78484848484848,26.43,0
713,Jiribam,Manipur,0.0,0.0,0.0,0
107,Jodhpur,Rajasthan,3687165.0,137.6543909348442,0.0,1267620
778,Jodhpur (Gramin),Rajasthan,0.0,98.03336891444788,0.0,0
290,Jorhat,Assam,1092256.0,0.0,598.53,26089
449,Kachchh,Gujarat,2092371.0,94.02278918344297,2731.9,0
746,Kakinada,Andhra Pradesh,0.0,75.48819579995961,544.13,0
746,Kakinada,Andhra Pradesh,0.0,75.48819579995961,3392.42,0
358,Kalahandi,Odisha,1576869.0,0.0,0.0,0
729,Kallakurichi,Tamil Nadu,0.0,62.350014380212826,0.0,0
685,Kamareddy,Telangana,0.0,77.99180327868852,0.0,0
618,Kamrup Metro,Assam,0.0,0.0,594.9532,0
557,Kannur,Kerala,2523003.0,53.522184300341294,1032.8000000000002,332430
157,Kanpur Nagar,Uttar Pradesh,4581268.0,176.91877743485404,1064.245,1582264
35,Kapurthala,Punjab,815168.0,100.19330908287189,0.0,0
6,Kargil,Ladakh,0.0,0.0,0.0,0
576,Karur,Tamil Nadu,1064493.0,62.350014380212826,0.0,0
7,Kathua,Jammu And Kashmir,0.0,0.0,0.0,0
770,Khairthal-Tijara,Rajasthan,0.0,98.03336891444788,0.0,0
405,Khandwa (East Nimar),Madhya Pradesh,1310061.0,104.69551867232879,1199.6399999999999,0
542,Kolar,Karnataka,1536401.0,80.24130345007826,397.18,0
542,Kolar,Karnataka,1536401.0,80.24130345007826,459.51,0
699,Kumuram Bheem Asifabad,Telangana,0.0,77.99180327868852,0.0,0
264,Lawngtlai,Mizoram,117894.0,29.257894736842104,0.0,3871
336,Lohardaga,Jharkhand,461790.0,0.0,503.17,0
336,Lohardaga,Jharkhand,461790.0,0.0,718.78,0
235,Lower Dibang Valley,Arunachal Pradesh,54080.0,0.0,0.0,0
719,Lower Siang,Arunachal Pradesh,0.0,0.0,0.0,0
165,Mahoba,Uttar Pradesh,875958.0,176.91877743485404,1064.245,0
415,Mandla,Madhya Pradesh,1054905.0,104.69551867232879,1199.6399999999999,0
735,Mayiladuthurai,Tamil Nadu,0.0,62.350014380212826,0.0,0
513,Medak,Telangana,0.0,77.99180327868852,0.0,0
170,Mirzapur,Uttar Pradesh,2496970.0,176.91877743485404,1064.245,0
246,Mokokchung,Nagaland,194622.0,64.76146788990826,0.0,17956
171,Moradabad,Uttar Pradesh,4772006.0,207.8,1064.245,0
673,Morbi,Gujarat,0.0,94.02278918344297,146.43,0
482,Mumbai,Maharashtra,3085411.0,94.68306010928961,0.0,3876165
483,Mumbai Suburban,Maharashtra,9356962.0,82.93717175924563,0.0,0
694,Nagarkurnool,Telangana,0.0,77.99180327868852,0.0,0
209,Nalanda,Bihar,2877653.0,136.49294511749233,44.81,3268
514,Nalgonda,Telangana,0.0,77.99180327868852,0.0,0
210,Nawada,Bihar,2219146.0,136.49294511749233,506.3,2520
80,North,Delhi,0.0,0.0,24.77,0
82,North West,Delhi,0.0,0.0,24.77,0
237,Papum Pare,Arunachal Pradesh,176573.0,0.0,0.0,0
564,Pathanamthitta,Kerala,1197412.0,68.37955690690075,1356.48,0
456,Porbandar,Gujarat,585449.0,94.02278918344297,143.85,0
120,Prayagraj,Uttar Pradesh,0.0,176.91877743485404,1064.245,1506277
175,Rae Bareli,Uttar Pradesh,3405559.0,176.91877743485404,1064.245,0
546,Raichur,Karnataka,1928812.0,129.92307692307693,48.38,0
546,Raichur,Karnataka,1928812.0,129.92307692307693,49.07,0
683,Rajanna Sircilla,Telangana,0.0,77.99180327868852,0.0,0
621,Ramban,Jammu And Kashmir,0.0,0.0,0.0,0
423,Ratlam,Madhya Pradesh,1455069.0,105.32450331125828,1199.6399999999999,0
72,Rewari,Haryana,900332.0,143.9151305092466,61.45,0
276,Ri Bhoi,Meghalaya,0.0,0.0,0.0,0
73,Rohtak,Haryana,1061204.0,138.64406779661016,14.54,0
624,Samba,Jammu And Kashmir,0.0,0.0,0.0,0
371,Sambalpur,Odisha,1041099.0,0.0,0.0,0
493,Sangli,Maharashtra,2822143.0,82.93717175924563,0.0,0
427,Sehore,Madhya Pradesh,1311332.0,104.69551867232879,1199.6399999999999,0
257,Senapati,Manipur,479148.0,0.0,0.0,2737
780,Shahpura,Rajasthan,0.0,98.03336891444788,0.0,0
219,Sheikhpura,Bihar,636342.0,136.49294511749233,0.82,722
679,Siang,Arunachal Pradesh,0.0,0.0,0.0,0
692,Siddipet,Telangana,0.0,77.99180327868852,0.0,0
24,Sirmaur,Himachal Pradesh,529855.0,0.0,480.8115384615385,0
300,Sivasagar,Assam,1151050.0,0.0,338.2,27493
301,Sonitpur,Assam,1924110.0,0.0,720.1,45958
271,South Tripura,Tripura,876001.0,0.0,0.0,15123
185,Sultanpur,Uttar Pradesh,3797117.0,176.91877743485404,1064.245,0
373,Sundargarh,Odisha,2093437.0,0.0,0.0,0
459,Surat,Gujarat,6081322.0,94.02278918344297,495.86,3562258
460,Surendranagar,Gujarat,1756268.0,94.02278918344297,145.33,0
594,Thoothukkudi,Tamil Nadu,1750176.0,62.350014380212826,0.0,0
566,Thrissur,Kerala,3121200.0,77.8076923076923,1290.03,0
752,Tirupati,Andhra Pradesh,0.0,55.45530726256983,2104.03,0
752,Tirupati,Andhra Pradesh,0.0,55.45530726256983,1957.44,0
249,Tuensang,Nagaland,196596.0,64.76146788990826,0.0,18138
56,Udam Singh Nagar,Uttarakhand,0.0,0.0,0.0,0
14,Udhampur,Jammu And Kashmir,0.0,0.0,0.0,0
435,Ujjain,Madhya Pradesh,1986864.0,121.47765363128492,1199.6399999999999,0
186,Unnao,Uttar Pradesh,3108367.0,176.91877743485404,1064.245,0
311,Uttar Dinajpur,West Bengal,3007134.0,114.94672131147541,0.0,0
595,Vellore,Tamil Nadu,3936331.0,62.350014380212826,0.0,0
693,Wanaparthy,Telangana,0.0,77.99180327868852,0.0,0
523,West Godavari,Andhra Pradesh,3936966.0,75.48819579995961,60.96,77147
242,West Kameng,Arunachal Pradesh,83947.0,0.0,0.0,0
76,Yamunanagar,Haryana,1214205.0,154.49112426035504,188.99,0
500,Yavatmal,Maharashtra,2772348.0,82.93717175924563,0.0,0
466,Ahmednagar,Maharashtra,0.0,82.93717175924563,0.0,0
745,Alluri Sitharama Raju,Andhra Pradesh,0.0,75.48819579995961,6917.32,0
154,Amroha,Uttar Pradesh,0.0,176.91877743485404,1064.245,0
744,Anakapalli,Andhra Pradesh,0.0,75.48819579995961,706.31,0
744,Anakapalli,Andhra Pradesh,0.0,75.48819579995961,841.2,0
628,Anjaw,Arunachal Pradesh,21167.0,0.0,0.0,0
776,Anupgarh,Rajasthan,0.0,98.03336891444788,0.0,0
122,Auraiya,Uttar Pradesh,1379545.0,176.91877743485404,1064.245,0
140,Ayodhya,Uttar Pradesh,0.0,176.91877743485404,1064.245,0
739,Bajali,Assam,0.0,0.0,594.9532,0
345,Balangir,Odisha,1648997.0,0.0,0.0,0
129,Bara Banki,Uttar Pradesh,3260699.0,176.91877743485404,1064.245,0
690,Bhadradri Kothagudem,Telangana,0.0,77.99180327868852,0.0,0
91,Bharatpur,Rajasthan,2548462.0,98.03336891444788,0.0,0
193,Bhojpur,Bihar,2728407.0,136.49294511749233,31.57,3099
93,Bikaner,Rajasthan,2363937.0,98.03336891444788,0.0,0
307,Birbhum,West Bengal,3502404.0,114.94672131147541,0.0,0
701,Charki Dadri,Haryana,0.0,143.9151305092466,72.969,0
630,Chikkaballapura,Karnataka,1255104.0,80.24130345007826,492.65645161290325,0
503,Chittoor,Andhra Pradesh,4174064.0,75.48819579995961,1246.31,81793
503,Chittoor,Andhra Pradesh,4174064.0,75.48819579995961,1276.43,81793
376,Dakshin Bastar Dantewada,Chhattisgarh,533638.0,0.0,1806.0841666666665,0
283,Darrang,Assam,928500.0,0.0,113.91,22177
49,Dehradun,Uttarakhand,1696694.0,0.0,0.0,47324
351,Deogarh,Odisha,0.0,0.0,0.0,0
284,Dhemaji,Assam,686133.0,0.0,294.03,16388
285,Dhubri,Assam,1949258.0,0.0,88.49,46559
230,Dibang Valley,Arunachal Pradesh,8004.0,0.0,0.0,0
768,Didwana-Kuchaman,Rajasthan,0.0,98.03336891444788,0.0,0
244,Dimapur,Nagaland,378811.0,64.76146788990826,0.0,34951
572,Dindigul,Tamil Nadu,2159775.0,62.350014380212826,0.0,0
464,Diu,The Dadra And Nagar Haveli And Daman And Diu,0.0,0.0,0.0,0
4,Doda,Jammu And Kashmir,0.0,0.0,0.0,0
99,Dungarpur,Rajasthan,1388552.0,98.03336891444788,0.0,0
232,East Siang,Arunachal Pradesh,99214.0,0.0,0.0,0
555,Ernakulam,Kerala,3282388.0,89.7876447876448,1032.8000000000002,0
138,Etah,Uttar Pradesh,1774480.0,176.91877743485404,1064.245,0
141,Farrukhabad,Uttar Pradesh,1885204.0,176.91877743485404,1064.245,0
61,Fatehabad,Haryana,942011.0,154.54577464788733,21.31,0
142,Fatehpur,Uttar Pradesh,2632733.0,176.91877743485404,1064.245,0
537,Gadag,Karnataka,1064570.0,80.24130345007826,141.17,0
537,Gadag,Karnataka,1064570.0,80.24130345007826,141.28,0
771,Gangapurcity,Rajasthan,0.0,98.03336891444788,0.0,0
225,Gangtok,Sikkim,0.0,0.0,0.0,0
145,Ghaziabad,Uttar Pradesh,4681645.0,203.36885245901638,1064.245,0
147,Gonda,Uttar Pradesh,3433919.0,176.91877743485404,1064.245,0
197,Gopalganj,Bihar,2562012.0,136.49294511749233,11.3,2910
32,Gurdaspur,Punjab,2298323.0,100.19330908287189,0.0,0
407,Gwalior,Madhya Pradesh,2032036.0,144.3765060240964,1199.6399999999999,0
289,Hailakandi,Assam,659296.0,0.0,773.18,15747
101,Hanumangarh,Rajasthan,1774692.0,98.03336891444788,0.0,0
150,Hardoi,Uttar Pradesh,4092845.0,176.91877743485404,1064.245,0
332,Hazaribagh,Jharkhand,1734495.0,0.0,1641.54,0
477,Hingoli,Maharashtra,1177345.0,82.93717175924563,0.0,0
681,Jagitial,Telangana,0.0,77.99180327868852,0.0,0
356,Jajapur,Odisha,1827192.0,0.0,0.0,0
333,Jamtara,Jharkhand,791042.0,0.0,107.49,0
333,Jamtara,Jharkhand,791042.0,0.0,105.38,0
198,Jamui,Bihar,1760405.0,136.49294511749233,670.84,1999
379,Janjgir-Champa,Chhattisgarh,0.0,0.0,1806.0841666666665,0
199,Jehanabad,Bihar,1125313.0,136.49294511749233,6.1,1278
703,Jhargram,West Bengal,0.0,114.94672131147541,0.0,0
200,Kaimur (Bhabua),Bihar,1626384.0,136.49294511749233,1025.68,1847
574,Kancheepuram,Tamil Nadu,3998252.0,62.350014380212826,0.0,0
359,Kandhamal,Odisha,733110.0,0.0,0.0,0
18,Kangra,Himachal Pradesh,1510075.0,0.0,480.8115384615385,0
155,Kannauj,Uttar Pradesh,1656616.0,176.91877743485404,1064.245,0
67,Karnal,Haryana,1505324.0,128.35168195718654,32.95,0
633,Kasganj,Uttar Pradesh,0.0,176.91877743485404,1064.245,0
413,Katni,Madhya Pradesh,1292042.0,134.34916201117318,1199.6399999999999,0
202,Khagaria,Bihar,1666886.0,136.49294511749233,17.62,1893
19,Kinnaur,Himachal Pradesh,84121.0,0.0,549.42,0
614,Kiphire,Nagaland,74004.0,64.76146788990826,0.0,6827
203,Kishanganj,Bihar,1690400.0,136.49294511749233,95.27,1920
334,Koderma,Jharkhand,0.0,0.0,537.34,0
543,Koppal,Karnataka,1389920.0,96.16666666666667,36.88,0
543,Koppal,Karnataka,1389920.0,96.16666666666667,37.85,0
782,Kotputli-Behror,Rajasthan,0.0,98.03336891444788,0.0,0
560,Kottayam,Kerala,1974551.0,68.37955690690075,1343.77,0
561,Kozhikode,Kerala,3086293.0,48.214765100671144,1032.8000000000002,0
510,Krishna,Andhra Pradesh,4517398.0,75.48819579995961,174.6,88521
510,Krishna,Andhra Pradesh,4517398.0,75.48819579995961,98.28,88521
622,Kulgam,Jammu And Kashmir,0.0,0.0,0.0,0
8,Kupwara,Jammu And Kashmir,0.0,0.0,0.0,0
511,Kurnool,Andhra Pradesh,4053463.0,75.48819579995961,71.48,79430
511,Kurnool,Andhra Pradesh,4053463.0,75.48819579995961,78.63,79430
204,Lakhisarai,Bihar,1000912.0,136.49294511749233,169.54,1136
481,Latur,Maharashtra,2454196.0,82.93717175924563,0.0,0
265,Lunglei,Mizoram,161428.0,29.257894736842104,0.0,5300
688,Mahabubabad,Telangana,0.0,77.99180327868852,0.0,0
451,Mahesana,Gujarat,2035064.0,94.02278918344297,181.62,0
164,Mahrajganj,Uttar Pradesh,2684703.0,176.91877743485404,1064.245,0
266,Mamit,Mizoram,86364.0,29.257894736842104,0.0,2835
22,Mandi,Himachal Pradesh,999777.0,0.0,326.73,0
760,Manendragarh-Chirmiri-Bharatpur(M C B),Chhattisgarh,0.0,0.0,1806.0841666666665,0
365,Mayurbhanj,Odisha,2519738.0,0.0,0.0,0
700,Medchal Malkajgiri,Telangana,0.0,77.99180327868852,0.0,0
417,Morena,Madhya Pradesh,1965970.0,104.69551867232879,1199.6399999999999,0
319,Murshidabad,West Bengal,7103807.0,114.94672131147541,0.0,0
366,Nabarangpur,Odisha,0.0,0.0,0.0,0
320,Nadia,West Bengal,5167600.0,114.94672131147541,0.0,0
485,Nanded,Maharashtra,3361292.0,82.93717175924563,0.0,0
486,Nandurbar,Maharashtra,1648295.0,82.93717175924563,0.0,0
721,Narayanpet,Telangana,0.0,77.99180327868852,0.0,0
418,Narsimhapur,Madhya Pradesh,1091854.0,104.69551867232879,1199.6399999999999,0
419,Neemuch,Madhya Pradesh,826067.0,104.69551867232879,1199.6399999999999,0
603,Nicobars,Andaman And Nicobar Islands,0.0,0.0,0.0,0
680,Nirmal,Telangana,0.0,77.99180327868852,0.0,0
722,Niwari,Madhya Pradesh,0.0,104.69551867232879,1199.6399999999999,0
516,Nizamabad,Telangana,0.0,77.99180327868852,0.0,0
736,Noklak,Nagaland,0.0,64.76146788990826,0.0,0
551,North Goa,Goa,818008.0,0.0,0.0,44338
723,Pakke Kessang,Arunachal Pradesh,0.0,0.0,0.0,0
337,Pakur,Jharkhand,900422.0,0.0,286.13,0
337,Pakur,Jharkhand,900422.0,0.0,297.54,0
785,Pandhurna,Madhya Pradesh,0.0,104.69551867232879,1199.6399999999999,0
489,Parbhani,Maharashtra,1836086.0,82.93717175924563,0.0,0
704,Paschim Bardhaman,West Bengal,0.0,114.94672131147541,0.0,0
318,Paschim Medinipur,West Bengal,5913457.0,114.94672131147541,0.0,0
41,Patiala,Punjab,1895686.0,91.96153846153847,0.0,0
212,Patna,Bihar,5838465.0,142.98907103825135,28.37,6632
682,Peddapalli,Telangana,0.0,77.99180327868852,0.0,0
10,Poonch,Jammu And Kashmir,0.0,0.0,0.0,0
174,Pratapgarh,Uttar Pradesh,3209141.0,176.91877743485404,1064.245,0
174,Pratapgarh,Uttar Pradesh,3209141.0,176.91877743485404,1064.245,0
600,Puducherry,Puducherry,950289.0,0.0,0.0,0
11,Pulwama,Jammu And Kashmir,0.0,0.0,0.0,0
490,Pune,Maharashtra,9429408.0,85.4416403785489,0.0,3198829
491,Raigad,Maharashtra,0.0,82.93717175924563,0.0,0
386,Raigarh,Chhattisgarh,1493984.0,0.0,2617.9,0
387,Raipur,Chhattisgarh,4063872.0,0.0,46.71,1632014
422,Rajgarh,Madhya Pradesh,1545814.0,104.69551867232879,380.45,0
12,Rajouri,Jammu And Kashmir,0.0,0.0,0.0,0
54,Rudra Prayag,Uttarakhand,0.0,0.0,0.0,0
458,Sabar Kantha,Gujarat,2428589.0,94.02278918344297,420.94714285714286,0
177,Saharanpur,Uttar Pradesh,3466382.0,176.91877743485404,1064.245,0
727,Saitual,Mizoram,0.0,29.257894736842104,0.0,0
584,Salem,Tamil Nadu,3482056.0,62.350014380212826,0.0,1637357
777,Salumbar,Rajasthan,0.0,98.03336891444788,0.0,0
659,Sambhal,Uttar Pradesh,0.0,176.91877743485404,1064.245,0
691,Sangareddy,Telangana,0.0,77.99180327868852,0.0,0
218,Saran,Bihar,3951862.0,136.49294511749233,62.79,4489
763,Sarangarh-Bilaigarh,Chhattisgarh,0.0,0.0,1806.0841666666665,0
426,Satna,Madhya Pradesh,2228935.0,72.98816568047337,1199.6399999999999,0
671,Shahdara,Delhi,0.0,0.0,0.9,0
765,Shamator,Nagaland,0.0,64.76146788990826,0.0,0
660,Shamli,Uttar Pradesh,0.0,176.91877743485404,1064.245,0
23,Shimla,Himachal Pradesh,814010.0,0.0,340.96,0
547,Shivamogga,Karnataka,0.0,73.36363636363636,492.65645161290325,0
725,Shi Yomi,Arunachal Pradesh,0.0,0.0,0.0,0
267,Siaha,Mizoram,0.0,29.257894736842104,0.0,0
221,Sitamarhi,Bihar,3423574.0,136.49294511749233,151.9,3888
75,Sonipat,Haryana,1450001.0,151.38484848484848,22.64,0
602,South Andamans,Andaman And Nicobar Islands,0.0,0.0,0.0,0
277,South Garo Hills,Meghalaya,142334.0,0.0,0.0,5692
658,South West Khasi Hills,Meghalaya,0.0,0.0,0.0,0
39,Sri Muktsar Sahib,Punjab,0.0,100.19330908287189,0.0,0
13,Srinagar,Jammu And Kashmir,0.0,0.0,0.0,337400
515,Sri Potti Sriramulu Nellore,Andhra Pradesh,2963557.0,75.48819579995961,1032.3653658536587,58072
754,Sri Sathya Sai,Andhra Pradesh,0.0,75.48819579995961,755.77,0
754,Sri Sathya Sai,Andhra Pradesh,0.0,75.48819579995961,757.92,0
641,Tapi,Gujarat,807022.0,94.02278918344297,717.44,0
589,Thiruvallur,Tamil Nadu,3728104.0,62.350014380212826,0.0,0
259,Thoubal,Manipur,422168.0,0.0,0.0,2412
592,Tirunelveli,Tamil Nadu,3077233.0,62.350014380212826,0.0,0
757,Tseminyu,Nagaland,0.0,64.76146788990826,0.0,0
548,Tumakuru,Karnataka,0.0,80.24130345007826,1420.9,0
436,Umaria,Madhya Pradesh,644758.0,104.69551867232879,1199.6399999999999,0
461,Vadodara,Gujarat,4165626.0,94.02278918344297,151.02,2440109
224,Vaishali,Bihar,3495021.0,136.49294511749233,118.93,3970
224,Vaishali,Bihar,3495021.0,136.49294511749233,118.54,3970
462,Valsad,Gujarat,1705678.0,94.02278918344297,901.72,0
596,Viluppuram,Tamil Nadu,3458873.0,62.350014380212826,0.0,0
520,Visakhapatnam,Andhra Pradesh,4290589.0,95.5210843373494,272.45,84077
520,Visakhapatnam,Andhra Pradesh,4290589.0,95.5210843373494,315.25,84077
521,Vizianagaram,Andhra Pradesh,2344474.0,75.48819579995961,413.82,45941
521,Vizianagaram,Andhra Pradesh,2344474.0,75.48819579995961,376.2,45941
85,West,Delhi,0.0,0.0,24.77,0
440,Anand,Gujarat,2092745.0,94.02278918344297,56.01,0
502,Ananthapuramu,Andhra Pradesh,0.0,75.48819579995961,245.45,0
344,Anugul,Odisha,1273821.0,0.0,0.0,0
390,Anuppur,Madhya Pradesh,749237.0,104.69551867232879,1199.6399999999999,0
188,Araria,Bihar,2811569.0,136.49294511749233,146.64,3193
610,Ariyalur,Tamil Nadu,754894.0,62.350014380212826,0.0,0
391,Ashoknagar,Madhya Pradesh,845071.0,104.69551867232879,1199.6399999999999,0
124,Baghpat,Uttar Pradesh,1303048.0,206.13297872340425,1064.245,0
392,Balaghat,Madhya Pradesh,1701698.0,104.69551867232879,1199.6399999999999,0
775,Balotra,Rajasthan,0.0,98.03336891444788,0.0,0
441,Banas Kantha,Gujarat,3120506.0,94.02278918344297,420.94714285714286,0
88,Banswara,Rajasthan,1797485.0,98.03336891444788,0.0,0
89,Baran,Rajasthan,1222755.0,98.03336891444788,0.0,0
347,Bargarh,Odisha,1481255.0,0.0,0.0,0
131,Basti,Uttar Pradesh,2464464.0,176.91877743485404,1064.245,0
774,Beawar,Rajasthan,0.0,98.03336891444788,0.0,0
526,Bengaluru Rural,Karnataka,0.0,80.24130345007826,143.92,0
442,Bharuch,Gujarat,1551019.0,94.02278918344297,298.98,0
396,Bhopal,Madhya Pradesh,2371061.0,108.51453488372093,1199.6399999999999,1574139
349,Boudh,Odisha,0.0,0.0,0.0,0
472,Buldhana,Maharashtra,0.0,82.93717175924563,0.0,0
397,Burhanpur,Madhya Pradesh,757847.0,104.69551867232879,1199.6399999999999,0
229,Changlang,Arunachal Pradesh,148226.0,0.0,0.0,0
323,Chatra,Jharkhand,1042886.0,0.0,1799.39,0
532,Chikkamagaluru,Karnataka,0.0,50.456204379562045,492.65645161290325,0
533,Chitradurga,Karnataka,1659456.0,80.24130345007826,618.19,0
533,Chitradurga,Karnataka,1659456.0,80.24130345007826,599.14,0
95,Chittorgarh,Rajasthan,0.0,98.03336891444788,0.0,0
758,Chumoukedima,Nagaland,0.0,64.76146788990826,0.0,0
96,Churu,Rajasthan,2039547.0,98.03336891444788,0.0,0
308,Cooch Behar,West Bengal,0.0,114.94672131147541,0.0,0
465,Dadra And Nagar Haveli,The Dadra And Nagar Haveli And Daman And Diu,0.0,0.0,0.0,0
324,Deoghar,Jharkhand,1492073.0,0.0,205.66,0
324,Deoghar,Jharkhand,1492073.0,0.0,203.92,0
674,Devbhumi Dwarka,Gujarat,0.0,94.02278918344297,420.94714285714286,0
377,Dhamtari,Chhattisgarh,799781.0,0.0,1861.07,0
299,Dima Hasao,Assam,214102.0,0.0,594.9532,5113
326,Dumka,Jharkhand,1321442.0,0.0,588.84,0
326,Dumka,Jharkhand,1321442.0,0.0,582.96,0
78,East,Delhi,0.0,0.0,24.77,0
740,Eastern West Khasi Hills,Meghalaya,0.0,0.0,0.0,0
505,East Godavari,Andhra Pradesh,5154296.0,75.48819579995961,403.17,101002
505,East Godavari,Andhra Pradesh,5154296.0,75.48819579995961,409.75,101002
274,East Khasi Hills,Meghalaya,825922.0,0.0,0.0,33030
327,East Singhbum,Jharkhand,0.0,0.0,866.134,0
475,Gadchiroli,Maharashtra,1072942.0,82.93717175924563,0.0,0
353,Gajapati,Odisha,577817.0,0.0,0.0,0
626,Ganderbal,Jammu And Kashmir,0.0,0.0,0.0,0
734,Gaurela-Pendra-Marwahi,Chhattisgarh,0.0,0.0,1806.0841666666665,0
329,Giridih,Jharkhand,2445474.0,0.0,900.2,0
675,Gir Somnath,Gujarat,0.0,94.02278918344297,262.83,0
287,Goalpara,Assam,1008183.0,0.0,434.86,24081
476,Gondia,Maharashtra,0.0,82.93717175924563,0.0,0
506,Guntur,Andhra Pradesh,4887813.0,75.48819579995961,13.34,95780
506,Guntur,Andhra Pradesh,4887813.0,75.48819579995961,36.93,95780
709,Hojai,Assam,0.0,0.0,594.9532,0
312,Hooghly,West Bengal,0.0,114.94672131147541,0.0,0
33,Hoshiarpur,Punjab,1586625.0,100.19330908287189,0.0,0
313,Howrah,West Bengal,0.0,118.6775956284153,0.0,0
256,Imphal West,Manipur,517992.0,0.0,0.0,2959
411,Jabalpur,Madhya Pradesh,2463289.0,109.54341736694678,1199.6399999999999,0
34,Jalandhar,Punjab,2193590.0,100.3956043956044,0.0,0
478,Jalgaon,Maharashtra,4229917.0,82.93717175924563,0.0,0
5,Jammu,Jammu And Kashmir,0.0,0.0,0.0,0
106,Jhunjhunu,Rajasthan,0.0,98.03336891444788,0.0,0
695,Jogulamba Gadwal,Telangana,0.0,77.99180327868852,0.0,0
711,Kakching,Manipur,0.0,0.0,0.0,0
538,Kalaburagi,Karnataka,0.0,85.27962085308057,195.87,0
717,Kamjong,Manipur,0.0,0.0,0.0,0
291,Kamrup,Assam,1517542.0,0.0,982.77,36247
712,Kangpokpi,Manipur,0.0,0.0,0.0,0
292,Karbi Anglong,Assam,956313.0,0.0,594.9532,22842
558,Kasaragod,Kerala,1307375.0,68.37955690690075,1032.8000000000002,0
509,Khammam,Telangana,0.0,77.99180327868852,0.0,0
728,Khawzawl,Mizoram,0.0,29.257894736842104,0.0,0
362,Khordha,Odisha,2251673.0,0.0,0.0,0
541,Kodagu,Karnataka,554519.0,80.24130345007826,492.65645161290325,0
363,Koraput,Odisha,1379647.0,0.0,0.0,0
383,Korba,Chhattisgarh,1206640.0,0.0,3396.31,0
384,Korea,Chhattisgarh,0.0,0.0,4108.04,0
677,Kra Daadi,Arunachal Pradesh,0.0,0.0,0.0,0
577,Krishnagiri,Tamil Nadu,1879809.0,62.350014380212826,0.0,0
68,Kurukshetra,Haryana,964655.0,136.68067226890756,46.03,0
21,Lahaul And Spiti,Himachal Pradesh,0.0,0.0,480.8115384615385,0
295,Lakhimpur,Assam,1042137.0,0.0,426.05,24892
724,Leparada,Arunachal Pradesh,0.0,0.0,0.0,0
666,Longding,Arunachal Pradesh,0.0,0.0,0.0,0
236,Lower Subansiri,Arunachal Pradesh,83030.0,0.0,0.0,0
36,Ludhiana,Punjab,3498739.0,96.61559888579387,0.0,0
512,Mahabubnagar,Telangana,0.0,77.99180327868852,0.0,0
385,Mahasamund,Chhattisgarh,1032754.0,0.0,946.91,0
599,Mahe,Puducherry,41816.0,0.0,0.0,0
416,Mandsaur,Madhya Pradesh,1340411.0,104.69551867232879,1199.6399999999999,0
544,Mandya,Karnataka,1805769.0,80.24130345007826,541.69,0
544,Mandya,Karnataka,1805769.0,80.24130345007826,481.37,0
766,MAUGANJ,Madhya Pradesh,0.0,104.69551867232879,1199.6399999999999,0
761,Mohla-Manpur-Ambagarh Chouki,Chhattisgarh,0.0,0.0,1806.0841666666665,0
297,Nagaon,Assam,2823768.0,0.0,594.9532,67447
298,Nalbari,Assam,771639.0,0.0,113.74,18431
580,Namakkal,Tamil Nadu,1726601.0,62.350014380212826,0.0,0
678,Namsai,Arunachal Pradesh,0.0,0.0,0.0,0
755,Nandyal,Andhra Pradesh,0.0,75.48819579995961,2098.76,0
755,Nandyal,Andhra Pradesh,0.0,75.48819579995961,1109.66,0
773,Neem Ka Thana,Rajasthan,0.0,98.03336891444788,0.0,0
79,New Delhi,Delhi,0.0,0.0,48.64,11892877
368,Nuapada,Odisha,610382.0,0.0,0.0,0
454,Panch Mahals,Gujarat,2390776.0,94.02278918344297,420.94714285714286,0
211,Pashchim Champaran,Bihar,3935042.0,136.49294511749233,177.17135135135132,4469
455,Patan,Gujarat,1343734.0,94.02278918344297,112.57,0
581,Perambalur,Tamil Nadu,565223.0,62.350014380212826,0.0,0
613,Peren,Nagaland,95219.0,64.76146788990826,0.0,8785
248,Phek,Nagaland,163418.0,64.76146788990826,0.0,15077
715,Pherzawl,Manipur,0.0,0.0,0.0,0
517,Prakasam,Andhra Pradesh,3397448.0,75.48819579995961,3250.93,66575
517,Prakasam,Andhra Pradesh,3397448.0,75.48819579995961,807.89,66575
629,Pratapgarh,Rajasthan,867848.0,98.03336891444788,0.0,0
629,Pratapgarh,Rajasthan,867848.0,98.03336891444788,0.0,0
582,Pudukkottai,Tamil Nadu,1618345.0,62.350014380212826,0.0,0
317,Purba Medinipur,West Bengal,5095875.0,114.94672131147541,0.0,0
214,Purnia,Bihar,3264619.0,136.49294511749233,60.68,3708
321,Purulia,West Bengal,0.0,114.94672131147541,0.0,0
388,Rajnandgaon,Chhattisgarh,1537133.0,0.0,2540.95,0
112,Rajsamand,Rajasthan,1156597.0,98.03336891444788,0.0,0
583,Ramanathapuram,Tamil Nadu,1353445.0,62.350014380212826,0.0,0
339,Ranchi,Jharkhand,2914253.0,0.0,1140.46,2061114
339,Ranchi,Jharkhand,2914253.0,0.0,859.77,2061114
492,Ratnagiri,Maharashtra,1615069.0,82.93717175924563,0.0,0
370,Rayagada,Odisha,967911.0,0.0,0.0,0
216,Saharsa,Bihar,1900661.0,136.49294511749233,35.83,2159
340,Sahebganj,Jharkhand,0.0,0.0,866.134,0
762,Sakti,Chhattisgarh,0.0,0.0,1806.0841666666665,0
178,Sant Kabir Nagar,Uttar Pradesh,1715183.0,176.91877743485404,1064.245,0
341,Saraikela Kharsawan,Jharkhand,0.0,0.0,866.134,0
113,Sawai Madhopur,Rajasthan,1335551.0,98.03336891444788,0.0,0
653,Sepahijala,Tripura,0.0,0.0,0.0,0
268,Serchhip,Mizoram,64937.0,29.257894736842104,0.0,2132
429,Shahdol,Madhya Pradesh,1066063.0,104.69551867232879,1199.6399999999999,0
220,Sheohar,Bihar,656246.0,136.49294511749233,30.43,745
181,Shrawasti,Uttar Pradesh,1117361.0,176.91877743485404,1064.245,0
342,Simdega,Jharkhand,599578.0,0.0,1246.51,0
342,Simdega,Jharkhand,599578.0,0.0,1237.15,0
222,Siwan,Bihar,3330464.0,136.49294511749233,9.41,3783
25,Solan,Himachal Pradesh,580320.0,0.0,264.95,0
670,South East,Delhi,0.0,0.0,24.77,0
84,South West,Delhi,0.0,0.0,24.77,0
648,Surajpur,Chhattisgarh,0.0,0.0,2527.69,0
389,Surguja,Chhattisgarh,2359886.0,0.0,1430.08,0
258,Tamenglong,Manipur,140651.0,0.0,0.0,803
609,Tarn Taran,Punjab,1119627.0,100.19330908287189,0.0,0
238,Tawang,Arunachal Pradesh,49977.0,0.0,0.0,0
733,Tenkasi,Tamil Nadu,0.0,62.350014380212826,0.0,0
586,Thanjavur,Tamil Nadu,2405890.0,62.350014380212826,0.0,0
587,The Nilgiris,Tamil Nadu,735394.0,62.350014380212826,0.0,0
302,Tinsukia,Assam,1327929.0,0.0,1578.76,31718
239,Tirap,Arunachal Pradesh,111975.0,0.0,0.0,0
732,Tirupathur,Tamil Nadu,0.0,62.350014380212826,0.0,0
116,Tonk,Rajasthan,1421326.0,98.03336891444788,0.0,0
549,Udupi,Karnataka,1177361.0,80.24130345007826,2279.65,0
260,Ukhrul,Manipur,183998.0,0.0,0.0,1051
26,Una,Himachal Pradesh,521173.0,0.0,639.07,0
381,Uttar Bastar Kanker,Chhattisgarh,748941.0,0.0,1806.0841666666665,0
437,Vidisha,Madhya Pradesh,1458875.0,104.69551867232879,1199.6399999999999,0
738,Vijayanagar,Karnataka,0.0,80.24130345007826,492.65645161290325,0
530,Vijayapura,Karnataka,0.0,68.2489270386266,26.13,0
698,Vikarabad,Telangana,0.0,77.99180327868852,0.0,0
499,Washim,Maharashtra,1197160.0,82.93717175924563,0.0,0
710,West Karbi Anglong,Assam,0.0,0.0,594.9532,0
250,Wokha,Nagaland,166343.0,64.76146788990826,0.0,15347
501,Adilabad,Telangana,0.0,77.99180327868852,0.0,0
438,Ahmedabad,Gujarat,0.0,117.9306358381503,115.2,4571193
261,Aizawl,Mizoram,400309.0,29.257894736842104,0.0,13145
467,Akola,Maharashtra,1813906.0,82.93717175924563,0.0,0
119,Aligarh,Uttar Pradesh,3673889.0,176.91877743485404,1064.245,0
639,Alirajpur,Madhya Pradesh,728999.0,104.69551867232879,1199.6399999999999,0
87,Alwar,Rajasthan,3674179.0,81.55932203389831,0.0,0
640,Amethi,Uttar Pradesh,0.0,176.91877743485404,1064.245,0
123,Azamgarh,Uttar Pradesh,4613913.0,176.91877743485404,1064.245,0
524,Bagalkote,Karnataka,0.0,80.24130345007826,265.78,0
46,Bageshwar,Uttarakhand,259898.0,0.0,0.0,7249
528,Ballari,Karnataka,0.0,80.24130345007826,727.62,0
750,Bapatla,Andhra Pradesh,0.0,75.48819579995961,113.86,0
750,Bapatla,Andhra Pradesh,0.0,75.48819579995961,57.93,0
90,Barmer,Rajasthan,2603751.0,98.03336891444788,0.0,0
605,Barnala,Punjab,595527.0,100.19330908287189,0.0,0
280,Barpeta,Assam,1693622.0,0.0,119.58,40453
374,Bastar,Chhattisgarh,1413199.0,0.0,2099.91,0
394,Betul,Madhya Pradesh,1575362.0,104.69551867232879,1199.6399999999999,0
348,Bhadrak,Odisha,1506337.0,0.0,0.0,0
443,Bhavnagar,Gujarat,2880365.0,94.02278918344297,302.99,0
92,Bhilwara,Rajasthan,2408523.0,98.03336891444788,0.0,0
59,Bhiwani,Haryana,1634445.0,135.33660130718954,62.61,0
529,Bidar,Karnataka,1703300.0,80.24130345007826,101.62,0
529,Bidar,Karnataka,1703300.0,80.24130345007826,107.88,0
132,Bijnor,Uttar Pradesh,3682713.0,176.91877743485404,1064.245,0
15,Bilaspur,Himachal Pradesh,381956.0,0.0,680.47,0
15,Bilaspur,Himachal Pradesh,381956.0,0.0,680.47,0
15,Bilaspur,Himachal Pradesh,381956.0,0.0,374.66,0
15,Bilaspur,Himachal Pradesh,381956.0,0.0,374.66,0
322,Bokaro,Jharkhand,2062330.0,0.0,572.41,0
322,Bokaro,Jharkhand,2062330.0,0.0,487.97,0
281,Bongaigaon,Assam,738804.0,0.0,236.68,17646
2,Budgam,Jammu And Kashmir,0.0,0.0,0.0,0
194,Buxar,Bihar,1706352.0,136.49294511749233,6.01,1938
77,Central,Delhi,0.0,0.0,24.77,0
16,Chamba,Himachal Pradesh,519080.0,0.0,787.56,0
262,Champhai,Mizoram,125745.0,29.257894736842104,0.0,4129
44,Chandigarh,Chandigarh,1055450.0,75.0521978021978,0.0,14348
730,Chengalpattu,Tamil Nadu,0.0,62.350014380212826,0.0,0
469,Chhatrapati Sambhajinagar,Maharashtra,0.0,82.93717175924563,0.0,0
399,Chhindwara,Madhya Pradesh,2090922.0,104.69551867232879,1199.6399999999999,0
136,Chitrakoot,Uttar Pradesh,991730.0,176.91877743485404,1064.245,0
254,Churachandpur,Manipur,274143.0,0.0,0.0,1566
570,Cuddalore,Tamil Nadu,2605914.0,62.350014380212826,0.0,0
350,Cuttack,Odisha,2624470.0,0.0,0.0,0
534,Dakshina Kannada,Karnataka,2089649.0,80.24130345007826,492.65645161290325,0
463,Daman,The Dadra And Nagar Haveli And Daman And Diu,0.0,0.0,0.0,0
195,Darbhanga,Bihar,3937385.0,136.49294511749233,144.23,4472
97,Dausa,Rajasthan,1634409.0,98.03336891444788,0.0,0
767,Deeg,Rajasthan,0.0,98.03336891444788,0.0,0
137,Deoria,Uttar Pradesh,3100946.0,176.91877743485404,1064.245,0
402,Dewas,Madhya Pradesh,1563715.0,100.68450704225351,1199.6399999999999,0
403,Dhar,Madhya Pradesh,2185793.0,104.69551867232879,1199.6399999999999,0
488,Dharashiv,Maharashtra,0.0,82.93717175924563,0.0,0
474,Dhule,Maharashtra,2050862.0,82.93717175924563,0.0,0
747,Dr. B.R. Ambedkar Konaseema,Andhra Pradesh,0.0,75.48819579995961,1032.3653658536587,0
231,East Kameng,Arunachal Pradesh,78690.0,0.0,0.0,0
139,Etawah,Uttar Pradesh,1581810.0,176.91877743485404,1064.245,0
60,Faridabad,Haryana,1809733.0,188.71309192200556,78.43,8599668
143,Firozabad,Uttar Pradesh,2498156.0,176.91877743485404,1064.245,0
100,Ganganagar,Rajasthan,1969168.0,98.03336891444788,0.0,0
288,Golaghat,Assam,1066888.0,0.0,660.7,25483
148,Gorakhpur,Uttar Pradesh,4440895.0,176.91877743485404,1064.245,0
406,Guna,Madhya Pradesh,1241519.0,104.69551867232879,1199.6399999999999,0
228,Gyalshing,Sikkim,0.0,0.0,0.0,0
149,Hamirpur,Uttar Pradesh,1104285.0,176.91877743485404,366.1,0
149,Hamirpur,Uttar Pradesh,1104285.0,176.91877743485404,366.1,0
556,Idukki,Kerala,1108974.0,68.37955690690075,1032.8000000000002,0
255,Imphal East,Manipur,456113.0,0.0,0.0,2606
410,Indore,Madhya Pradesh,3276697.0,102.98607242339833,1199.6399999999999,2431657
783,Jaipur (Gramin),Rajasthan,0.0,98.03336891444788,0.0,0
103,Jaisalmer,Rajasthan,669919.0,98.03336891444788,0.0,0
689,Jangoan,Telangana,0.0,77.99180327868852,0.0,0
152,Jaunpur,Uttar Pradesh,4494204.0,176.91877743485404,1064.245,0
64,Jhajjar,Haryana,958405.0,143.9151305092466,25.56,0
448,Junagadh,Gujarat,2743082.0,94.02278918344297,1526.53,0
66,Kaithal,Haryana,1074304.0,121.49162011173185,54.32,0
718,Kamle,Arunachal Pradesh,0.0,0.0,0.0,0
575,Kanniyakumari,Tamil Nadu,1870374.0,62.350014380212826,0.0,0
598,Karaikal,Puducherry,200222.0,0.0,0.0,0
293,Karimganj,Assam,1228686.0,0.0,840.95,29348
158,Kaushambi,Uttar Pradesh,1599596.0,176.91877743485404,1064.245,0
781,Kekri,Rajasthan,0.0,98.03336891444788,0.0,0
361,Kendujhar,Odisha,1801733.0,0.0,0.0,0
759,Khairagarh-Chhuikhadan-Gandai,Chhattisgarh,0.0,0.0,1806.0841666666665,0
245,Kohima,Nagaland,267988.0,64.76146788990826,0.0,24725
294,Kokrajhar,Assam,887142.0,0.0,1142.69,21190
480,Kolhapur,Maharashtra,3876001.0,82.93717175924563,0.0,0
643,Kondagaon,Chhattisgarh,0.0,0.0,2165.5,0
20,Kullu,Himachal Pradesh,437903.0,0.0,499.4,0
233,Kurung Kumey,Arunachal Pradesh,92076.0,0.0,0.0,0
9,Leh Ladakh,Ladakh,0.0,0.0,0.0,0
162,Lucknow,Uttar Pradesh,4589838.0,171.94262295081967,1064.245,2617830
205,Madhepura,Bihar,2001762.0,136.49294511749233,60.01,2273
737,Malerkotla,Punjab,0.0,100.19330908287189,0.0,0
226,Mangan,Sikkim,0.0,0.0,0.0,0
37,Mansa,Punjab,769751.0,100.19330908287189,0.0,0
296,Marigaon,Assam,0.0,0.0,594.9532,0
167,Mathura,Uttar Pradesh,2547184.0,176.91877743485404,1064.245,0
169,Meerut,Uttar Pradesh,3443689.0,173.58677685950414,1064.245,0
38,Moga,Punjab,995746.0,100.19330908287189,0.0,0
647,Mungeli,Chhattisgarh,0.0,0.0,1038.52,0
172,Muzaffarnagar,Uttar Pradesh,4143512.0,157.815625,1064.245,0
208,Muzaffarpur,Bihar,4801062.0,157.18051575931233,175.76,5453
110,Nagaur,Rajasthan,3307743.0,98.03336891444788,0.0,0
227,Namchi,Sikkim,0.0,0.0,0.0,0
637,Narayanpur,Chhattisgarh,139820.0,0.0,3181.96,0
452,Narmada,Gujarat,590297.0,94.02278918344297,854.18,0
367,Nayagarh,Odisha,962789.0,0.0,0.0,0
764,Niuland,Nagaland,0.0,64.76146788990826,0.0,0
303,North 24 Parganas,West Bengal,0.0,114.94672131147541,0.0,0
632,North And Middle Andaman,Andaman And Nicobar Islands,0.0,0.0,0.0,0
656,North Garo Hills,Meghalaya,0.0,0.0,0.0,0
604,Nuh,Haryana,0.0,143.9151305092466,72.969,0
741,Pakyong,Sikkim,0.0,0.0,0.0,0
111,Pali,Rajasthan,2037573.0,99.11666666666666,0.0,0
751,Palnadu,Andhra Pradesh,0.0,75.48819579995961,769.54,0
751,Palnadu,Andhra Pradesh,0.0,75.48819579995961,654.15,0
619,Palwal,Haryana,1042708.0,131.92079207920793,13.82,0
420,Panna,Madhya Pradesh,1016520.0,104.69551867232879,1199.6399999999999,0
52,Pauri Garhwal,Uttarakhand,0.0,0.0,0.0,0
772,Phalodi,Rajasthan,0.0,98.03336891444788,0.0,0
173,Pilibhit,Uttar Pradesh,2031007.0,176.91877743485404,1064.245,0
306,Purba Bardhaman,West Bengal,0.0,114.94672131147541,0.0,0
457,Rajkot,Gujarat,3804558.0,94.02278918344297,60.07,2258704
631,Ramanagara,Karnataka,1082636.0,48.76875,690.65,0
607,Ramgarh,Jharkhand,949443.0,0.0,341.56,0
607,Ramgarh,Jharkhand,949443.0,0.0,411.69,0
176,Rampur,Uttar Pradesh,2335819.0,176.91877743485404,390.32,0
731,Ranipet,Tamil Nadu,0.0,62.350014380212826,0.0,0
424,Rewa,Madhya Pradesh,2365106.0,104.69551867232879,1199.6399999999999,0
215,Rohtas,Bihar,2959918.0,136.49294511749233,668.06,3362
42,Rupnagar,Punjab,684627.0,103.22183098591549,0.0,0
779,Sanchore,Rajasthan,0.0,98.03336891444788,0.0,0
494,Satara,Maharashtra,3003741.0,82.93717175924563,0.0,0
428,Seoni,Madhya Pradesh,1379131.0,104.69551867232879,1199.6399999999999,0
180,Shahjahanpur,Uttar Pradesh,3006538.0,176.91877743485404,1064.245,0
430,Shajapur,Madhya Pradesh,1512681.0,104.69551867232879,1199.6399999999999,0
431,Sheopur,Madhya Pradesh,687861.0,104.69551867232879,1199.6399999999999,0
432,Shivpuri,Madhya Pradesh,1726050.0,104.69551867232879,1199.6399999999999,0
625,Shopian,Jammu And Kashmir,0.0,0.0,0.0,0
433,Sidhi,Madhya Pradesh,1127033.0,104.69551867232879,1199.6399999999999,0
638,Singrauli,Madhya Pradesh,1178273.0,158.2046783625731,1199.6399999999999,0
183,Sitapur,Uttar Pradesh,4483992.0,176.91877743485404,1064.245,0
496,Solapur,Maharashtra,4317756.0,82.63565891472868,0.0,0
742,Soreng,Sikkim,0.0,0.0,0.0,0
83,South,Delhi,0.0,0.0,24.77,0
707,South Salmara Mancachar,Assam,0.0,0.0,594.9532,0
663,South West Garo Hills,Meghalaya,0.0,0.0,0.0,0
519,Srikakulam,Andhra Pradesh,2703114.0,75.48819579995961,577.9,52969
519,Srikakulam,Andhra Pradesh,2703114.0,75.48819579995961,585.22,52969
642,Sukma,Chhattisgarh,0.0,0.0,3250.21,0
223,Supaul,Bihar,2229076.0,136.49294511749233,142.46,2532
756,Tamulpur,Assam,0.0,0.0,594.9532,0
55,Tehri Garhwal,Uttarakhand,618931.0,0.0,0.0,17263
497,Thane,Maharashtra,11060148.0,94.91558441558442,0.0,483672
565,Thiruvananthapuram,Kerala,3301427.0,54.94505494505494,1032.8000000000002,972523
591,Tiruchirappalli,Tamil Nadu,2722290.0,62.350014380212826,0.0,898889
634,Tiruppur,Tamil Nadu,2479052.0,62.350014380212826,0.0,0
593,Tiruvannamalai,Tamil Nadu,2464875.0,62.350014380212826,0.0,0
117,Udaipur,Rajasthan,3068420.0,84.86797752808988,0.0,0
617,Udalguri,Assam,831668.0,0.0,411.85,19864
240,Upper Siang,Arunachal Pradesh,35320.0,0.0,0.0,0
550,Uttara Kannada,Karnataka,1437169.0,80.24130345007826,492.65645161290325,0
57,Uttar Kashi,Uttarakhand,0.0,0.0,0.0,0
522,Warangal,Telangana,0.0,77.99180327868852,0.0,0
567,Wayanad,Kerala,817420.0,68.37955690690075,1032.8000000000002,0
278,West Garo Hills,Meghalaya,643291.0,0.0,0.0,25726
275,West Jaintia Hills,Meghalaya,0.0,0.0,0.0,0
243,West Siang,Arunachal Pradesh,112274.0,0.0,0.0,0
343,West Singhbhum,Jharkhand,0.0,0.0,3377.69,0
697,Yadadri Bhuvanagiri,Telangana,0.0,77.99180327868852,0.0,0
635,Yadgir,Karnataka,1174271.0,69.73913043478261,146.47,0
635,Yadgir,Karnataka,1174271.0,69.73913043478261,160.98,0
601,Yanam,Puducherry,55626.0,0.0,0.0,0
251,Zunheboto,Nagaland,140757.0,64.76146788990826,0.0,12986
